obj_id,source_path,dest_path,files,top_level_dirs
OBJ_0001,Stonebock/Datenbank/Objekt 1,objects/OBJ_0001,19,"Kamera, Mikroskop, Sonderaufnahmen, UV 365 nm, UV 395 nm, Übersicht"
OBJ_0002,Stonebock/Datenbank/Objekt 2,objects/OBJ_0002,10,"Kamera, Mikroskop, Sonderaufnahmen, UV 365 nm, UV 395 nm, Übersicht"
OBJ_0003,Stonebock/Datenbank/Objekt 3,objects/OBJ_0003,2,"Kamera, Mikroskop, Sonderaufnahmen, UV 365 nm, UV 395 nm, Übersicht"
OBJ_0004,Stonebock/Datenbank/Objekt 4,objects/OBJ_0004,2,"Kamera, Mikroskop, Sonderaufnahmen, UV 365 nm, UV 395 nm, ├£bersicht"
OBJ_0005,Stonebock/Datenbank/Objekt 5,objects/OBJ_0005,2,"Kamera, Mikroskop, Sonderaufnahmen, UV 365 nm, UV 395 nm, ├£bersicht"
OBJ_0006,Stonebock/Datenbank/Objekt 6,objects/OBJ_0006,2,"Kamera, Mikroskop, Sonderaufnahmen, UV 365 nm, UV 395 nm, ├£bersicht"
OBJ_0007,Stonebock/Datenbank/Objekt 7,objects/OBJ_0007,2,"Kamera, Mikroskop, Sonderaufnahmen, UV 365 nm, UV 395 nm, ├£bersicht"
OBJ_0008,Stonebock/Datenbank/Objekt 8,objects/OBJ_0008,2,"Kamera, Mikroskop, Sonderaufnahmen, UV 365 nm, UV 395 nm, ├£bersicht"
OBJ_0009,Stonebock/Datenbank/Objekt 9,objects/OBJ_0009,2,"Kamera, Mikroskop, Sonderaufnahmen, UV 365 nm, UV 395 nm, Übersicht"
OBJ_0010,Stonebock/Datenbank/Objekt 10,objects/OBJ_0010,2,"Kamera, Mikroskop, Sonderaufnahmen, UV 365 nm, UV 395 nm, ├£bersicht"
OBJ_0011,Stonebock/Datenbank/Objekt 11,objects/OBJ_0011,2,"Kamera, Mikroskop, Sonderaufnahmen, UV 365 nm, UV 395 nm, ├£bersicht"
OBJ_0012,Stonebock/Datenbank/Objekt 12,objects/OBJ_0012,2,"Kamera, Mikroskop, Sonderaufnahmen, UV 365 nm, UV 395 nm, ├£bersicht"
OBJ_0013,Stonebock/Datenbank/Objekt 13,objects/OBJ_0013,2,"Kamera, Mikroskop, Sonderaufnahmen, UV 365 nm, UV 395 nm, ├£bersicht"
OBJ_0014,Stonebock/Datenbank/Objekt 14,objects/OBJ_0014,2,"Kamera, Mikroskop, Sonderaufnahmen, UV 365 nm, UV 395 nm, ├£bersicht"
OBJ_0015,Stonebock/Datenbank/Objekt 15,objects/OBJ_0015,2,"Kamera, Mikroskop, Sonderaufnahmen, UV 365 nm, UV 395 nm, ├£bersicht"
OBJ_0016,Stonebock/Datenbank/Objekt 16,objects/OBJ_0016,2,"Kamera, Mikroskop, Sonderaufnahmen, UV 365 nm, UV 395 nm, ├£bersicht"
OBJ_0017,Stonebock/Datenbank/Objekt 17,objects/OBJ_0017,2,"Kamera, Mikroskop, Sonderaufnahmen, UV 365 nm, UV 395 nm, ├£bersicht"
OBJ_0018,Stonebock/Datenbank/Objekt 18,objects/OBJ_0018,2,"Kamera, Mikroskop, Sonderaufnahmen, UV 365 nm, UV 395 nm, ├£bersicht"
OBJ_0019,Stonebock/Datenbank/Objekt 19,objects/OBJ_0019,2,"Kamera, Mikroskop, Sonderaufnahmen, UV 365 nm, UV 395 nm, ├£bersicht"
OBJ_0020,Stonebock/Datenbank/Objekt 20,objects/OBJ_0020,2,"Kamera, Mikroskop, Sonderaufnahmen, UV 365 nm, UV 395 nm, ├£bersicht"
OBJ_0021,Stonebock/Datenbank/Objekt 21,objects/OBJ_0021,2,"Kamera, Mikroskop, Sonderaufnahmen, UV 365 nm, UV 395 nm, ├£bersicht"
OBJ_0022,Stonebock/Datenbank/Objekt 22,objects/OBJ_0022,2,"Kamera, Mikroskop, Sonderaufnahmen, UV 365 nm, UV 395 nm, ├£bersicht"
OBJ_0023,Stonebock/Datenbank/Objekt 23,objects/OBJ_0023,2,"Kamera, Mikroskop, Sonderaufnahmen, UV 365 nm, UV 395 nm, ├£bersicht"
OBJ_0024,Stonebock/Datenbank/Objekt 24,objects/OBJ_0024,2,"Kamera, Mikroskop, Sonderaufnahmen, UV 365 nm, UV 395 nm, ├£bersicht"
OBJ_0025,Stonebock/Datenbank/Objekt 25,objects/OBJ_0025,2,"Kamera, Mikroskop, Sonderaufnahmen, UV 365 nm, UV 395 nm, ├£bersicht"
OBJ_0026,Stonebock/Datenbank/Objekt 26,objects/OBJ_0026,2,"Kamera, Mikroskop, Sonderaufnahmen, UV 365 nm, UV 395 nm, ├£bersicht"
OBJ_0027,Stonebock/Datenbank/Objekt 27,objects/OBJ_0027,2,"Kamera, Mikroskop, Sonderaufnahmen, UV 365 nm, UV 395 nm, ├£bersicht"
OBJ_0028,Stonebock/Datenbank/Objekt 28,objects/OBJ_0028,2,"Kamera, Mikroskop, Sonderaufnahmen, UV 365 nm, UV 395 nm, ├£bersicht"
OBJ_0029,Stonebock/Datenbank/Objekt 29,objects/OBJ_0029,2,"Kamera, Mikroskop, Sonderaufnahmen, UV 365 nm, UV 395 nm, ├£bersicht"
OBJ_0030,Stonebock/Datenbank/Objekt 30,objects/OBJ_0030,2,"Kamera, Mikroskop, Sonderaufnahmen, UV 365 nm, UV 395 nm, ├£bersicht"
OBJ_0031,Stonebock/Datenbank/Objekt 31,objects/OBJ_0031,2,"Kamera, Mikroskop, Sonderaufnahmen, UV 365 nm, UV 395 nm, ├£bersicht"
OBJ_0032,Stonebock/Datenbank/Objekt 32,objects/OBJ_0032,2,"Kamera, Mikroskop, Sonderaufnahmen, UV 365 nm, UV 395 nm, ├£bersicht"
OBJ_0033,Stonebock/Datenbank/Objekt 33,objects/OBJ_0033,2,"Kamera, Mikroskop, Sonderaufnahmen, UV 365 nm, UV 395 nm, ├£bersicht"
OBJ_0034,Stonebock/Datenbank/Objekt 34,objects/OBJ_0034,2,"Kamera, Mikroskop, Sonderaufnahmen, UV 365 nm, UV 395 nm, ├£bersicht"
OBJ_0035,Stonebock/Datenbank/Objekt 35,objects/OBJ_0035,2,"Kamera, Mikroskop, Sonderaufnahmen, UV 365 nm, UV 395 nm, ├£bersicht"
OBJ_0036,Stonebock/Datenbank/Objekt 36,objects/OBJ_0036,2,"Kamera, Mikroskop, Sonderaufnahmen, UV 365 nm, UV 395 nm, ├£bersicht"
OBJ_0037,Stonebock/Datenbank/Objekt 37,objects/OBJ_0037,2,"Kamera, Mikroskop, Sonderaufnahmen, UV 365 nm, UV 395 nm, ├£bersicht"
OBJ_0038,Stonebock/Datenbank/Objekt 38,objects/OBJ_0038,2,"Kamera, Mikroskop, Sonderaufnahmen, UV 365 nm, UV 395 nm, ├£bersicht"
OBJ_0039,Stonebock/Datenbank/Objekt 39,objects/OBJ_0039,2,"Kamera, Mikroskop, Sonderaufnahmen, UV 365 nm, UV 395 nm, ├£bersicht"
OBJ_0040,Stonebock/Datenbank/Objekt 40,objects/OBJ_0040,2,"Kamera, Mikroskop, Sonderaufnahmen, UV 365 nm, UV 395 nm, ├£bersicht"
OBJ_0041,Stonebock/Datenbank/Objekt 41,objects/OBJ_0041,2,"Kamera, Mikroskop, Sonderaufnahmen, UV 365 nm, UV 395 nm, ├£bersicht"
OBJ_0042,Stonebock/Datenbank/Objekt 42,objects/OBJ_0042,2,"Kamera, Mikroskop, Sonderaufnahmen, UV 365 nm, UV 395 nm, ├£bersicht"
OBJ_0043,Stonebock/Datenbank/Objekt 43,objects/OBJ_0043,38,"Kamera, Mikroskop, Sonderaufnahmen, UV 365 nm, UV 395 nm, Übersicht"
OBJ_0044,Stonebock/Datenbank/Objekt 44,objects/OBJ_0044,2,"Kamera, Mikroskop, Sonderaufnahmen, UV 365 nm, UV 395 nm, ├£bersicht"
OBJ_0045,Stonebock/Datenbank/Objekt 45,objects/OBJ_0045,2,"Kamera, Mikroskop, Sonderaufnahmen, UV 365 nm, UV 395 nm, ├£bersicht"
OBJ_0046,Stonebock/Datenbank/Objekt 46,objects/OBJ_0046,2,"Kamera, Mikroskop, Sonderaufnahmen, UV 365 nm, UV 395 nm, ├£bersicht"
OBJ_0047,Stonebock/Datenbank/Objekt 47,objects/OBJ_0047,2,"Kamera, Mikroskop, Sonderaufnahmen, UV 365 nm, UV 395 nm, ├£bersicht"
OBJ_0048,Stonebock/Datenbank/Objekt 48,objects/OBJ_0048,2,"Kamera, Mikroskop, Sonderaufnahmen, UV 365 nm, UV 395 nm, ├£bersicht"
OBJ_0049,Stonebock/Datenbank/Objekt 49,objects/OBJ_0049,2,"Kamera, Mikroskop, Sonderaufnahmen, UV 365 nm, UV 395 nm, ├£bersicht"
OBJ_0050,Stonebock/Datenbank/Objekt 50,objects/OBJ_0050,2,"Kamera, Mikroskop, Sonderaufnahmen, UV 365 nm, UV 395 nm, ├£bersicht"
OBJ_0051,Stonebock/Datenbank/Objekt 51,objects/OBJ_0051,2,"Kamera, Mikroskop, Sonderaufnahmen, UV 365 nm, UV 395 nm, ├£bersicht"
OBJ_0052,Stonebock/Datenbank/Objekt 52,objects/OBJ_0052,2,"Kamera, Mikroskop, Sonderaufnahmen, UV 365 nm, UV 395 nm, ├£bersicht"
OBJ_0053,Stonebock/Datenbank/Objekt 53,objects/OBJ_0053,2,"Kamera, Mikroskop, Sonderaufnahmen, UV 365 nm, UV 395 nm, ├£bersicht"
OBJ_0054,Stonebock/Datenbank/Objekt 54,objects/OBJ_0054,2,"Kamera, Mikroskop, Sonderaufnahmen, UV 365 nm, UV 395 nm, ├£bersicht"
OBJ_0055,Stonebock/Datenbank/Objekt 55,objects/OBJ_0055,2,"Kamera, Mikroskop, Sonderaufnahmen, UV 365 nm, UV 395 nm, ├£bersicht"
OBJ_0056,Stonebock/Datenbank/Objekt 56,objects/OBJ_0056,2,"Kamera, Mikroskop, Sonderaufnahmen, UV 365 nm, UV 395 nm, ├£bersicht"
OBJ_0057,Stonebock/Datenbank/Objekt 57,objects/OBJ_0057,2,"Kamera, Mikroskop, Sonderaufnahmen, UV 365 nm, UV 395 nm, ├£bersicht"
OBJ_0058,Stonebock/Datenbank/Objekt 58,objects/OBJ_0058,2,"Kamera, Mikroskop, Sonderaufnahmen, UV 365 nm, UV 395 nm, ├£bersicht"
OBJ_0059,Stonebock/Datenbank/Objekt 59,objects/OBJ_0059,2,"Kamera, Mikroskop, Sonderaufnahmen, UV 365 nm, UV 395 nm, ├£bersicht"
OBJ_0060,Stonebock/Datenbank/Objekt 60,objects/OBJ_0060,2,"Kamera, Mikroskop, Sonderaufnahmen, UV 365 nm, UV 395 nm, ├£bersicht"
OBJ_0061,Stonebock/Datenbank/Objekt 61,objects/OBJ_0061,2,"Kamera, Mikroskop, Sonderaufnahmen, UV 365 nm, UV 395 nm, ├£bersicht"
OBJ_0062,Stonebock/Datenbank/Objekt 62,objects/OBJ_0062,2,"Kamera, Mikroskop, Sonderaufnahmen, UV 365 nm, UV 395 nm, ├£bersicht"
OBJ_0063,Stonebock/Datenbank/Objekt 63,objects/OBJ_0063,20,"Kamera, Mikroskop, Sonderaufnahmen, UV 365 nm, UV 395 nm, ├£bersicht"
OBJ_0064,Stonebock/Datenbank/Objekt 64,objects/OBJ_0064,2,"Kamera, Mikroskop, Sonderaufnahmen, UV 365 nm, UV 395 nm, ├£bersicht"
OBJ_0065,Stonebock/Datenbank/Objekt 65,objects/OBJ_0065,2,"Kamera, Mikroskop, Sonderaufnahmen, UV 365 nm, UV 395 nm, ├£bersicht"
OBJ_0066,Stonebock/Datenbank/Objekt 66,objects/OBJ_0066,2,"Kamera, Mikroskop, Sonderaufnahmen, UV 365 nm, UV 395 nm, ├£bersicht"
OBJ_0067,Stonebock/Datenbank/Objekt 67,objects/OBJ_0067,2,"Kamera, Mikroskop, Sonderaufnahmen, UV 365 nm, UV 395 nm, ├£bersicht"
OBJ_0068,Stonebock/Datenbank/Objekt 68,objects/OBJ_0068,2,"Kamera, Mikroskop, Sonderaufnahmen, UV 365 nm, UV 395 nm, ├£bersicht"
OBJ_0069,Stonebock/Datenbank/Objekt 69,objects/OBJ_0069,2,"Kamera, Mikroskop, Sonderaufnahmen, UV 365 nm, UV 395 nm, ├£bersicht"
OBJ_0070,Stonebock/Datenbank/Objekt 70,objects/OBJ_0070,2,"Kamera, Mikroskop, Sonderaufnahmen, UV 365 nm, UV 395 nm, ├£bersicht"
OBJ_0071,Stonebock/Datenbank/Objekt 71,objects/OBJ_0071,2,"Kamera, Mikroskop, Sonderaufnahmen, UV 365 nm, UV 395 nm, ├£bersicht"
OBJ_0072,Stonebock/Datenbank/Objekt 72,objects/OBJ_0072,2,"Kamera, Mikroskop, Sonderaufnahmen, UV 365 nm, UV 395 nm, ├£bersicht"
OBJ_0073,Stonebock/Datenbank/Objekt 73,objects/OBJ_0073,2,"Kamera, Mikroskop, Sonderaufnahmen, UV 365 nm, UV 395 nm, ├£bersicht"
OBJ_0074,Stonebock/Datenbank/Objekt 74,objects/OBJ_0074,2,"Kamera, Mikroskop, Sonderaufnahmen, UV 365 nm, UV 395 nm, ├£bersicht"
OBJ_0075,Stonebock/Datenbank/Objekt 75,objects/OBJ_0075,2,"Kamera, Mikroskop, Sonderaufnahmen, UV 365 nm, UV 395 nm, ├£bersicht"
OBJ_0076,Stonebock/Datenbank/Objekt 76,objects/OBJ_0076,2,"Kamera, Mikroskop, Sonderaufnahmen, UV 365 nm, UV 395 nm, ├£bersicht"
OBJ_0077,Stonebock/Datenbank/Objekt 77,objects/OBJ_0077,2,"Kamera, Mikroskop, Sonderaufnahmen, UV 365 nm, UV 395 nm, ├£bersicht"
OBJ_0078,Stonebock/Datenbank/Objekt 78,objects/OBJ_0078,2,"Kamera, Mikroskop, Sonderaufnahmen, UV 365 nm, UV 395 nm, ├£bersicht"
OBJ_0079,Stonebock/Datenbank/Objekt 79,objects/OBJ_0079,2,"Kamera, Mikroskop, Sonderaufnahmen, UV 365 nm, UV 395 nm, ├£bersicht"
OBJ_0080,Stonebock/Datenbank/Objekt 80,objects/OBJ_0080,2,"Kamera, Mikroskop, Sonderaufnahmen, UV 365 nm, UV 395 nm, ├£bersicht"
OBJ_0081,Stonebock/Datenbank/Objekt 81,objects/OBJ_0081,2,"Kamera, Mikroskop, Sonderaufnahmen, UV 365 nm, UV 395 nm, ├£bersicht"
OBJ_0082,Stonebock/Datenbank/Objekt 82,objects/OBJ_0082,2,"Kamera, Mikroskop, Sonderaufnahmen, UV 365 nm, UV 395 nm, ├£bersicht"
OBJ_0083,Stonebock/Datenbank/Objekt 83,objects/OBJ_0083,2,"Kamera, Mikroskop, Sonderaufnahmen, UV 365 nm, UV 395 nm, ├£bersicht"
OBJ_0084,Stonebock/Datenbank/Objekt 84,objects/OBJ_0084,2,"Kamera, Mikroskop, Sonderaufnahmen, UV 365 nm, UV 395 nm, ├£bersicht"
OBJ_0085,Stonebock/Datenbank/Objekt 85,objects/OBJ_0085,2,"Kamera, Mikroskop, Sonderaufnahmen, UV 365 nm, UV 395 nm, ├£bersicht"
OBJ_0086,Stonebock/Datenbank/Objekt 86,objects/OBJ_0086,2,"Kamera, Mikroskop, Sonderaufnahmen, UV 365 nm, UV 395 nm, ├£bersicht"
OBJ_0087,Stonebock/Datenbank/Objekt 87,objects/OBJ_0087,2,"Kamera, Mikroskop, Sonderaufnahmen, UV 365 nm, UV 395 nm, ├£bersicht"
OBJ_0088,Stonebock/Datenbank/Objekt 88,objects/OBJ_0088,2,"Kamera, Mikroskop, Sonderaufnahmen, UV 365 nm, UV 395 nm, ├£bersicht"
OBJ_0089,Stonebock/Datenbank/Objekt 89,objects/OBJ_0089,2,"Kamera, Mikroskop, Sonderaufnahmen, UV 365 nm, UV 395 nm, ├£bersicht"
OBJ_0090,Stonebock/Datenbank/Objekt 90,objects/OBJ_0090,2,"Kamera, Mikroskop, Sonderaufnahmen, UV 365 nm, UV 395 nm, ├£bersicht"
OBJ_0091,Stonebock/Datenbank/Objekt 91,objects/OBJ_0091,2,"Kamera, Mikroskop, Sonderaufnahmen, UV 365 nm, UV 395 nm, ├£bersicht"
OBJ_0092,Stonebock/Datenbank/Objekt 92,objects/OBJ_0092,2,"Kamera, Mikroskop, Sonderaufnahmen, UV 365 nm, UV 395 nm, ├£bersicht"
OBJ_0093,Stonebock/Datenbank/Objekt 93,objects/OBJ_0093,2,"Kamera, Mikroskop, Sonderaufnahmen, UV 365 nm, UV 395 nm, ├£bersicht"
OBJ_0094,Stonebock/Datenbank/Objekt 94,objects/OBJ_0094,2,"Kamera, Mikroskop, Sonderaufnahmen, UV 365 nm, UV 395 nm, ├£bersicht"
OBJ_0095,Stonebock/Datenbank/Objekt 95,objects/OBJ_0095,2,"Kamera, Mikroskop, Sonderaufnahmen, UV 365 nm, UV 395 nm, ├£bersicht"
OBJ_0096,Stonebock/Datenbank/Objekt 96,objects/OBJ_0096,2,"Kamera, Mikroskop, Sonderaufnahmen, UV 365 nm, UV 395 nm, ├£bersicht"
OBJ_0097,Stonebock/Datenbank/Objekt 97,objects/OBJ_0097,2,"Kamera, Mikroskop, Sonderaufnahmen, UV 365 nm, UV 395 nm, ├£bersicht"
OBJ_0098,Stonebock/Datenbank/Objekt 98,objects/OBJ_0098,2,"Kamera, Mikroskop, Sonderaufnahmen, UV 365 nm, UV 395 nm, ├£bersicht"
OBJ_0099,Stonebock/Datenbank/Objekt 99,objects/OBJ_0099,2,"Kamera, Mikroskop, Sonderaufnahmen, UV 365 nm, UV 395 nm, ├£bersicht"
OBJ_0100,Stonebock/Datenbank/Objekt 100,objects/OBJ_0100,2,"Kamera, Mikroskop, Sonderaufnahmen, UV 365 nm, UV 395 nm, ├£bersicht"
OBJ_0101,Stonebock/Datenbank/Objekt 101,objects/OBJ_0101,2,"Kamera, Mikroskop, Sonderaufnahmen, UV 365 nm, UV 395 nm, ├£bersicht"
OBJ_0102,Stonebock/Datenbank/Objekt 102,objects/OBJ_0102,2,"Kamera, Mikroskop, Sonderaufnahmen, UV 365 nm, UV 395 nm, ├£bersicht"
OBJ_0103,Stonebock/Datenbank/Objekt 103,objects/OBJ_0103,2,"Kamera, Mikroskop, Sonderaufnahmen, UV 365 nm, UV 395 nm, ├£bersicht"
OBJ_0104,Stonebock/Datenbank/Objekt 104,objects/OBJ_0104,2,"Kamera, Mikroskop, Sonderaufnahmen, UV 365 nm, UV 395 nm, ├£bersicht"
OBJ_0105,Stonebock/Datenbank/Objekt 105,objects/OBJ_0105,2,"Kamera, Mikroskop, Sonderaufnahmen, UV 365 nm, UV 395 nm, ├£bersicht"
OBJ_0106,Stonebock/Datenbank/Objekt 106,objects/OBJ_0106,2,"Kamera, Mikroskop, Sonderaufnahmen, UV 365 nm, UV 395 nm, ├£bersicht"
OBJ_0107,Stonebock/Datenbank/Objekt 107,objects/OBJ_0107,2,"Kamera, Mikroskop, Sonderaufnahmen, UV 365 nm, UV 395 nm, ├£bersicht"
OBJ_0108,Stonebock/Datenbank/Objekt 108,objects/OBJ_0108,2,"Kamera, Mikroskop, Sonderaufnahmen, UV 365 nm, UV 395 nm, ├£bersicht"
OBJ_0109,Stonebock/Datenbank/Objekt 109,objects/OBJ_0109,2,"Kamera, Mikroskop, Sonderaufnahmen, UV 365 nm, UV 395 nm, ├£bersicht"
OBJ_0110,Stonebock/Datenbank/Objekt 110,objects/OBJ_0110,2,"Kamera, Mikroskop, Sonderaufnahmen, UV 365 nm, UV 395 nm, ├£bersicht"
OBJ_0111,Stonebock/Datenbank/Objekt 111,objects/OBJ_0111,2,"Kamera, Mikroskop, Sonderaufnahmen, UV 365 nm, UV 395 nm, ├£bersicht"
OBJ_0112,Stonebock/Datenbank/Objekt 112,objects/OBJ_0112,2,"Kamera, Mikroskop, Sonderaufnahmen, UV 365 nm, UV 395 nm, ├£bersicht"
OBJ_0113,Stonebock/Datenbank/Objekt 113,objects/OBJ_0113,2,"Kamera, Mikroskop, Sonderaufnahmen, UV 365 nm, UV 395 nm, ├£bersicht"
OBJ_0114,Stonebock/Datenbank/Objekt 114,objects/OBJ_0114,2,"Kamera, Mikroskop, Sonderaufnahmen, UV 365 nm, UV 395 nm, ├£bersicht"
OBJ_0115,Stonebock/Datenbank/Objekt 115,objects/OBJ_0115,2,"Kamera, Mikroskop, Sonderaufnahmen, UV 365 nm, UV 395 nm, ├£bersicht"
OBJ_0116,Stonebock/Datenbank/Objekt 116,objects/OBJ_0116,2,"Kamera, Mikroskop, Sonderaufnahmen, UV 365 nm, UV 395 nm, ├£bersicht"
OBJ_0117,Stonebock/Datenbank/Objekt 117,objects/OBJ_0117,2,"Kamera, Mikroskop, Sonderaufnahmen, UV 365 nm, UV 395 nm, ├£bersicht"
OBJ_0118,Stonebock/Datenbank/Objekt 118,objects/OBJ_0118,2,"Kamera, Mikroskop, Sonderaufnahmen, UV 365 nm, UV 395 nm, ├£bersicht"
OBJ_0119,Stonebock/Datenbank/Objekt 119,objects/OBJ_0119,2,"Kamera, Mikroskop, Sonderaufnahmen, UV 365 nm, UV 395 nm, ├£bersicht"
OBJ_0120,Stonebock/Datenbank/Objekt 120,objects/OBJ_0120,2,"Kamera, Mikroskop, Sonderaufnahmen, UV 365 nm, UV 395 nm, ├£bersicht"
OBJ_0121,Stonebock/Datenbank/Objekt 121,objects/OBJ_0121,2,"Kamera, Mikroskop, Sonderaufnahmen, UV 365 nm, UV 395 nm, ├£bersicht"
OBJ_0122,Stonebock/Datenbank/Objekt 122,objects/OBJ_0122,2,"Kamera, Mikroskop, Sonderaufnahmen, UV 365 nm, UV 395 nm, ├£bersicht"
OBJ_0123,Stonebock/Datenbank/Objekt 123,objects/OBJ_0123,2,"Kamera, Mikroskop, Sonderaufnahmen, UV 365 nm, UV 395 nm, ├£bersicht"
OBJ_0124,Stonebock/Datenbank/Objekt 124,objects/OBJ_0124,2,"Kamera, Mikroskop, Sonderaufnahmen, UV 365 nm, UV 395 nm, ├£bersicht"
OBJ_0125,Stonebock/Datenbank/Objekt 125,objects/OBJ_0125,2,"Kamera, Mikroskop, Sonderaufnahmen, UV 365 nm, UV 395 nm, ├£bersicht"
OBJ_0126,Stonebock/Datenbank/Objekt 126,objects/OBJ_0126,2,"Kamera, Mikroskop, Sonderaufnahmen, UV 365 nm, UV 395 nm, ├£bersicht"
OBJ_0127,Stonebock/Datenbank/Objekt 127,objects/OBJ_0127,2,"Kamera, Mikroskop, Sonderaufnahmen, UV 365 nm, UV 395 nm, ├£bersicht"
OBJ_0128,Stonebock/Datenbank/Objekt 128,objects/OBJ_0128,2,"Kamera, Mikroskop, Sonderaufnahmen, UV 365 nm, UV 395 nm, ├£bersicht"
OBJ_0129,Stonebock/Datenbank/Objekt 129,objects/OBJ_0129,2,"Kamera, Mikroskop, Sonderaufnahmen, UV 365 nm, UV 395 nm, ├£bersicht"
OBJ_0130,Stonebock/Datenbank/Objekt 130,objects/OBJ_0130,2,"Kamera, Mikroskop, Sonderaufnahmen, UV 365 nm, UV 395 nm, ├£bersicht"
OBJ_0131,Stonebock/Datenbank/Objekt 131,objects/OBJ_0131,2,"Kamera, Mikroskop, Sonderaufnahmen, UV 365 nm, UV 395 nm, ├£bersicht"
OBJ_0132,Stonebock/Datenbank/Objekt 132,objects/OBJ_0132,2,"Kamera, Mikroskop, Sonderaufnahmen, UV 365 nm, UV 395 nm, ├£bersicht"
OBJ_0133,Stonebock/Datenbank/Objekt 133,objects/OBJ_0133,2,"Kamera, Mikroskop, Sonderaufnahmen, UV 365 nm, UV 395 nm, ├£bersicht"
OBJ_0134,Stonebock/Datenbank/Objekt 134,objects/OBJ_0134,2,"Kamera, Mikroskop, Sonderaufnahmen, UV 365 nm, UV 395 nm, ├£bersicht"
OBJ_0135,Stonebock/Datenbank/Objekt 135,objects/OBJ_0135,2,"Kamera, Mikroskop, Sonderaufnahmen, UV 365 nm, UV 395 nm, ├£bersicht"
OBJ_0136,Stonebock/Datenbank/Objekt 136,objects/OBJ_0136,2,"Kamera, Mikroskop, Sonderaufnahmen, UV 365 nm, UV 395 nm, ├£bersicht"
OBJ_0137,Stonebock/Datenbank/Objekt 137,objects/OBJ_0137,2,"Kamera, Mikroskop, Sonderaufnahmen, UV 365 nm, UV 395 nm, ├£bersicht"
OBJ_0138,Stonebock/Datenbank/Objekt 138,objects/OBJ_0138,2,"Kamera, Mikroskop, Sonderaufnahmen, UV 365 nm, UV 395 nm, ├£bersicht"
OBJ_0139,Stonebock/Datenbank/Objekt 139,objects/OBJ_0139,2,"Kamera, Mikroskop, Sonderaufnahmen, UV 365 nm, UV 395 nm, ├£bersicht"
OBJ_0140,Stonebock/Datenbank/Objekt 140,objects/OBJ_0140,2,"Kamera, Mikroskop, Sonderaufnahmen, UV 365 nm, UV 395 nm, ├£bersicht"
OBJ_0141,Stonebock/Datenbank/Objekt 141,objects/OBJ_0141,2,"Kamera, Mikroskop, Sonderaufnahmen, UV 365 nm, UV 395 nm, ├£bersicht"
OBJ_0142,Stonebock/Datenbank/Objekt 142,objects/OBJ_0142,2,"Kamera, Mikroskop, Sonderaufnahmen, UV 365 nm, UV 395 nm, ├£bersicht"
OBJ_0143,Stonebock/Datenbank/Objekt 143,objects/OBJ_0143,2,"Kamera, Mikroskop, Sonderaufnahmen, UV 365 nm, UV 395 nm, ├£bersicht"
OBJ_0144,Stonebock/Datenbank/Objekt 144,objects/OBJ_0144,2,"Kamera, Mikroskop, Sonderaufnahmen, UV 365 nm, UV 395 nm, ├£bersicht"
OBJ_0145,Stonebock/Datenbank/Objekt 145,objects/OBJ_0145,2,"Kamera, Mikroskop, Sonderaufnahmen, UV 365 nm, UV 395 nm, ├£bersicht"
OBJ_0146,Stonebock/Datenbank/Objekt 146,objects/OBJ_0146,2,"Kamera, Mikroskop, Sonderaufnahmen, UV 365 nm, UV 395 nm, ├£bersicht"
OBJ_0147,Stonebock/Datenbank/Objekt 147,objects/OBJ_0147,2,"Kamera, Mikroskop, Sonderaufnahmen, UV 365 nm, UV 395 nm, ├£bersicht"
OBJ_0148,Stonebock/Datenbank/Objekt 148,objects/OBJ_0148,2,"Kamera, Mikroskop, Sonderaufnahmen, UV 365 nm, UV 395 nm, ├£bersicht"
OBJ_0149,Stonebock/Datenbank/Objekt 149,objects/OBJ_0149,2,"Kamera, Mikroskop, Sonderaufnahmen, UV 365 nm, UV 395 nm, ├£bersicht"
OBJ_0150,Stonebock/Datenbank/Objekt 150,objects/OBJ_0150,2,"Kamera, Mikroskop, Sonderaufnahmen, UV 365 nm, UV 395 nm, ├£bersicht"
OBJ_0151,Stonebock/Datenbank/Objekt 151,objects/OBJ_0151,2,"Kamera, Mikroskop, Sonderaufnahmen, UV 365 nm, UV 395 nm, ├£bersicht"
OBJ_0152,Stonebock/Datenbank/Objekt 152,objects/OBJ_0152,2,"Kamera, Mikroskop, Sonderaufnahmen, UV 365 nm, UV 395 nm, ├£bersicht"
OBJ_0153,Stonebock/Datenbank/Objekt 153,objects/OBJ_0153,2,"Kamera, Mikroskop, Sonderaufnahmen, UV 365 nm, UV 395 nm, ├£bersicht"
OBJ_0154,Stonebock/Datenbank/Objekt 154,objects/OBJ_0154,2,"Kamera, Mikroskop, Sonderaufnahmen, UV 365 nm, UV 395 nm, ├£bersicht"
OBJ_0155,Stonebock/Datenbank/Objekt 155,objects/OBJ_0155,2,"Kamera, Mikroskop, Sonderaufnahmen, UV 365 nm, UV 395 nm, ├£bersicht"
OBJ_0156,Stonebock/Datenbank/Objekt 156,objects/OBJ_0156,2,"Kamera, Mikroskop, Sonderaufnahmen, UV 365 nm, UV 395 nm, ├£bersicht"
OBJ_0157,Stonebock/Datenbank/Objekt 157,objects/OBJ_0157,2,"Kamera, Mikroskop, Sonderaufnahmen, UV 365 nm, UV 395 nm, ├£bersicht"
OBJ_0158,Stonebock/Datenbank/Objekt 158,objects/OBJ_0158,2,"Kamera, Mikroskop, Sonderaufnahmen, UV 365 nm, UV 395 nm, ├£bersicht"
OBJ_0159,Stonebock/Datenbank/Objekt 159,objects/OBJ_0159,2,"Kamera, Mikroskop, Sonderaufnahmen, UV 365 nm, UV 395 nm, ├£bersicht"
OBJ_0160,Stonebock/Datenbank/Objekt 160,objects/OBJ_0160,2,"Kamera, Mikroskop, Sonderaufnahmen, UV 365 nm, UV 395 nm, ├£bersicht"
OBJ_0161,Stonebock/Datenbank/Objekt 161,objects/OBJ_0161,2,"Kamera, Mikroskop, Sonderaufnahmen, UV 365 nm, UV 395 nm, ├£bersicht"
OBJ_0162,Stonebock/Datenbank/Objekt 162,objects/OBJ_0162,2,"Kamera, Mikroskop, Sonderaufnahmen, UV 365 nm, UV 395 nm, ├£bersicht"
OBJ_0163,Stonebock/Datenbank/Objekt 163,objects/OBJ_0163,2,"Kamera, Mikroskop, Sonderaufnahmen, UV 365 nm, UV 395 nm, ├£bersicht"
OBJ_0164,Stonebock/Datenbank/Objekt 164,objects/OBJ_0164,2,"Kamera, Mikroskop, Sonderaufnahmen, UV 365 nm, UV 395 nm, ├£bersicht"
OBJ_0165,Stonebock/Datenbank/Objekt 165,objects/OBJ_0165,2,"Kamera, Mikroskop, Sonderaufnahmen, UV 365 nm, UV 395 nm, ├£bersicht"
OBJ_0166,Stonebock/Datenbank/Objekt 166,objects/OBJ_0166,2,"Kamera, Mikroskop, Sonderaufnahmen, UV 365 nm, UV 395 nm, ├£bersicht"
OBJ_0167,Stonebock/Datenbank/Objekt 167,objects/OBJ_0167,2,"Kamera, Mikroskop, Sonderaufnahmen, UV 365 nm, UV 395 nm, ├£bersicht"
OBJ_0168,Stonebock/Datenbank/Objekt 168,objects/OBJ_0168,2,"Kamera, Mikroskop, Sonderaufnahmen, UV 365 nm, UV 395 nm, ├£bersicht"
OBJ_0169,Stonebock/Datenbank/Objekt 169,objects/OBJ_0169,2,"Kamera, Mikroskop, Sonderaufnahmen, UV 365 nm, UV 395 nm, ├£bersicht"
OBJ_0170,Stonebock/Datenbank/Objekt 170,objects/OBJ_0170,2,"Kamera, Mikroskop, Sonderaufnahmen, UV 365 nm, UV 395 nm, ├£bersicht"
OBJ_0171,Stonebock/Datenbank/Objekt 171,objects/OBJ_0171,2,"Kamera, Mikroskop, Sonderaufnahmen, UV 365 nm, UV 395 nm, ├£bersicht"
OBJ_0172,Stonebock/Datenbank/Objekt 172,objects/OBJ_0172,2,"Kamera, Mikroskop, Sonderaufnahmen, UV 365 nm, UV 395 nm, ├£bersicht"
OBJ_0173,Stonebock/Datenbank/Objekt 173,objects/OBJ_0173,2,"Kamera, Mikroskop, Sonderaufnahmen, UV 365 nm, UV 395 nm, ├£bersicht"
OBJ_0174,Stonebock/Datenbank/Objekt 174,objects/OBJ_0174,2,"Kamera, Mikroskop, Sonderaufnahmen, UV 365 nm, UV 395 nm, ├£bersicht"
OBJ_0175,Stonebock/Datenbank/Objekt 175,objects/OBJ_0175,2,"Kamera, Mikroskop, Sonderaufnahmen, UV 365 nm, UV 395 nm, ├£bersicht"
OBJ_0176,Stonebock/Datenbank/Objekt 176,objects/OBJ_0176,2,"Kamera, Mikroskop, Sonderaufnahmen, UV 365 nm, UV 395 nm, ├£bersicht"
OBJ_0177,Stonebock/Datenbank/Objekt 177,objects/OBJ_0177,2,"Kamera, Mikroskop, Sonderaufnahmen, UV 365 nm, UV 395 nm, ├£bersicht"
OBJ_0178,Stonebock/Datenbank/Objekt 178,objects/OBJ_0178,2,"Kamera, Mikroskop, Sonderaufnahmen, UV 365 nm, UV 395 nm, ├£bersicht"
OBJ_0179,Stonebock/Datenbank/Objekt 179,objects/OBJ_0179,2,"Kamera, Mikroskop, Sonderaufnahmen, UV 365 nm, UV 395 nm, ├£bersicht"
OBJ_0180,Stonebock/Datenbank/Objekt 180,objects/OBJ_0180,2,"Kamera, Mikroskop, Sonderaufnahmen, UV 365 nm, UV 395 nm, ├£bersicht"
OBJ_0181,Stonebock/Datenbank/Objekt 181,objects/OBJ_0181,2,"Kamera, Mikroskop, Sonderaufnahmen, UV 365 nm, UV 395 nm, ├£bersicht"
OBJ_0182,Stonebock/Datenbank/Objekt 182,objects/OBJ_0182,2,"Kamera, Mikroskop, Sonderaufnahmen, UV 365 nm, UV 395 nm, ├£bersicht"
OBJ_0183,Stonebock/Datenbank/Objekt 183,objects/OBJ_0183,2,"Kamera, Mikroskop, Sonderaufnahmen, UV 365 nm, UV 395 nm, ├£bersicht"
OBJ_0184,Stonebock/Datenbank/Objekt 184,objects/OBJ_0184,2,"Kamera, Mikroskop, Sonderaufnahmen, UV 365 nm, UV 395 nm, ├£bersicht"
OBJ_0185,Stonebock/Datenbank/Objekt 185,objects/OBJ_0185,2,"Kamera, Mikroskop, Sonderaufnahmen, UV 365 nm, UV 395 nm, ├£bersicht"
OBJ_0186,Stonebock/Datenbank/Objekt 186,objects/OBJ_0186,2,"Kamera, Mikroskop, Sonderaufnahmen, UV 365 nm, UV 395 nm, ├£bersicht"
OBJ_0187,Stonebock/Datenbank/Objekt 187,objects/OBJ_0187,2,"Kamera, Mikroskop, Sonderaufnahmen, UV 365 nm, UV 395 nm, ├£bersicht"
OBJ_0188,Stonebock/Datenbank/Objekt 188,objects/OBJ_0188,2,"Kamera, Mikroskop, Sonderaufnahmen, UV 365 nm, UV 395 nm, ├£bersicht"
OBJ_0189,Stonebock/Datenbank/Objekt 189,objects/OBJ_0189,2,"Kamera, Mikroskop, Sonderaufnahmen, UV 365 nm, UV 395 nm, ├£bersicht"
OBJ_0190,Stonebock/Datenbank/Objekt 190,objects/OBJ_0190,2,"Kamera, Mikroskop, Sonderaufnahmen, UV 365 nm, UV 395 nm, ├£bersicht"
OBJ_0191,Stonebock/Datenbank/Objekt 191,objects/OBJ_0191,2,"Kamera, Mikroskop, Sonderaufnahmen, UV 365 nm, UV 395 nm, ├£bersicht"
OBJ_0192,Stonebock/Datenbank/Objekt 192,objects/OBJ_0192,2,"Kamera, Mikroskop, Sonderaufnahmen, UV 365 nm, UV 395 nm, ├£bersicht"
OBJ_0193,Stonebock/Datenbank/Objekt 193,objects/OBJ_0193,2,"Kamera, Mikroskop, Sonderaufnahmen, UV 365 nm, UV 395 nm, ├£bersicht"
OBJ_0194,Stonebock/Datenbank/Objekt 194,objects/OBJ_0194,2,"Kamera, Mikroskop, Sonderaufnahmen, UV 365 nm, UV 395 nm, ├£bersicht"
OBJ_0195,Stonebock/Datenbank/Objekt 195,objects/OBJ_0195,2,"Kamera, Mikroskop, Sonderaufnahmen, UV 365 nm, UV 395 nm, ├£bersicht"
OBJ_0196,Stonebock/Datenbank/Objekt 196,objects/OBJ_0196,2,"Kamera, Mikroskop, Sonderaufnahmen, UV 365 nm, UV 395 nm, ├£bersicht"
OBJ_0197,Stonebock/Datenbank/Objekt 197,objects/OBJ_0197,2,"Kamera, Mikroskop, Sonderaufnahmen, UV 365 nm, UV 395 nm, ├£bersicht"
OBJ_0198,Stonebock/Datenbank/Objekt 198,objects/OBJ_0198,2,"Kamera, Mikroskop, Sonderaufnahmen, UV 365 nm, UV 395 nm, ├£bersicht"
OBJ_0199,Stonebock/Datenbank/Objekt 199,objects/OBJ_0199,2,"Kamera, Mikroskop, Sonderaufnahmen, UV 365 nm, UV 395 nm, ├£bersicht"
OBJ_0200,Stonebock/Datenbank/Objekt 200,objects/OBJ_0200,2,"Kamera, Mikroskop, Sonderaufnahmen, UV 365 nm, UV 395 nm, ├£bersicht"
OBJ_0201,Stonebock/Datenbank/Objekt 201,objects/OBJ_0201,2,"Kamera, Mikroskop, Sonderaufnahmen, UV 365 nm, UV 395 nm, ├£bersicht"
OBJ_0202,Stonebock/Datenbank/Objekt 202,objects/OBJ_0202,2,"Kamera, Mikroskop, Sonderaufnahmen, UV 365 nm, UV 395 nm, ├£bersicht"
OBJ_0203,Stonebock/Datenbank/Objekt 203,objects/OBJ_0203,2,"Kamera, Mikroskop, Sonderaufnahmen, UV 365 nm, UV 395 nm, ├£bersicht"
OBJ_0204,Stonebock/Datenbank/Objekt 204,objects/OBJ_0204,2,"Kamera, Mikroskop, Sonderaufnahmen, UV 365 nm, UV 395 nm, ├£bersicht"
OBJ_0205,Stonebock/Datenbank/Objekt 205,objects/OBJ_0205,2,"Kamera, Mikroskop, Sonderaufnahmen, UV 365 nm, UV 395 nm, ├£bersicht"
OBJ_0206,Stonebock/Datenbank/Objekt 206,objects/OBJ_0206,2,"Kamera, Mikroskop, Sonderaufnahmen, UV 365 nm, UV 395 nm, ├£bersicht"
OBJ_0207,Stonebock/Datenbank/Objekt 207,objects/OBJ_0207,2,"Kamera, Mikroskop, Sonderaufnahmen, UV 365 nm, UV 395 nm, ├£bersicht"
OBJ_0208,Stonebock/Datenbank/Objekt 208,objects/OBJ_0208,2,"Kamera, Mikroskop, Sonderaufnahmen, UV 365 nm, UV 395 nm, ├£bersicht"
OBJ_0209,Stonebock/Datenbank/Objekt 209,objects/OBJ_0209,2,"Kamera, Mikroskop, Sonderaufnahmen, UV 365 nm, UV 395 nm, ├£bersicht"
OBJ_0210,Stonebock/Datenbank/Objekt 210,objects/OBJ_0210,2,"Kamera, Mikroskop, Sonderaufnahmen, UV 365 nm, UV 395 nm, ├£bersicht"
OBJ_0211,Stonebock/Datenbank/Objekt 211,objects/OBJ_0211,2,"Kamera, Mikroskop, Sonderaufnahmen, UV 365 nm, UV 395 nm, ├£bersicht"
OBJ_0212,Stonebock/Datenbank/Objekt 212,objects/OBJ_0212,2,"Kamera, Mikroskop, Sonderaufnahmen, UV 365 nm, UV 395 nm, ├£bersicht"
OBJ_0213,Stonebock/Datenbank/Objekt 213,objects/OBJ_0213,2,"Kamera, Mikroskop, Sonderaufnahmen, UV 365 nm, UV 395 nm, ├£bersicht"
OBJ_0214,Stonebock/Datenbank/Objekt 214,objects/OBJ_0214,2,"Kamera, Mikroskop, Sonderaufnahmen, UV 365 nm, UV 395 nm, ├£bersicht"
OBJ_0215,Stonebock/Datenbank/Objekt 215,objects/OBJ_0215,2,"Kamera, Mikroskop, Sonderaufnahmen, UV 365 nm, UV 395 nm, ├£bersicht"
OBJ_0216,Stonebock/Datenbank/Objekt 216,objects/OBJ_0216,2,"Kamera, Mikroskop, Sonderaufnahmen, UV 365 nm, UV 395 nm, ├£bersicht"
OBJ_0217,Stonebock/Datenbank/Objekt 217,objects/OBJ_0217,2,"Kamera, Mikroskop, Sonderaufnahmen, UV 365 nm, UV 395 nm, ├£bersicht"
OBJ_0218,Stonebock/Datenbank/Objekt 218,objects/OBJ_0218,2,"Kamera, Mikroskop, Sonderaufnahmen, UV 365 nm, UV 395 nm, ├£bersicht"
OBJ_0219,Stonebock/Datenbank/Objekt 219,objects/OBJ_0219,2,"Kamera, Mikroskop, Sonderaufnahmen, UV 365 nm, UV 395 nm, ├£bersicht"
OBJ_0220,Stonebock/Datenbank/Objekt 220,objects/OBJ_0220,2,"Kamera, Mikroskop, Sonderaufnahmen, UV 365 nm, UV 395 nm, ├£bersicht"
OBJ_0221,Stonebock/Datenbank/Objekt 221,objects/OBJ_0221,2,"Kamera, Mikroskop, Sonderaufnahmen, UV 365 nm, UV 395 nm, ├£bersicht"
OBJ_0222,Stonebock/Datenbank/Objekt 222,objects/OBJ_0222,2,"Kamera, Mikroskop, Sonderaufnahmen, UV 365 nm, UV 395 nm, ├£bersicht"
OBJ_0223,Stonebock/Datenbank/Objekt 223,objects/OBJ_0223,2,"Kamera, Mikroskop, Sonderaufnahmen, UV 365 nm, UV 395 nm, ├£bersicht"
OBJ_0224,Stonebock/Datenbank/Objekt 224,objects/OBJ_0224,2,"Kamera, Mikroskop, Sonderaufnahmen, UV 365 nm, UV 395 nm, ├£bersicht"
OBJ_0225,Stonebock/Datenbank/Objekt 225,objects/OBJ_0225,2,"Kamera, Mikroskop, Sonderaufnahmen, UV 365 nm, UV 395 nm, ├£bersicht"
OBJ_0226,Stonebock/Datenbank/Objekt 226,objects/OBJ_0226,2,"Kamera, Mikroskop, Sonderaufnahmen, UV 365 nm, UV 395 nm, ├£bersicht"
OBJ_0227,Stonebock/Datenbank/Objekt 227,objects/OBJ_0227,2,"Kamera, Mikroskop, Sonderaufnahmen, UV 365 nm, UV 395 nm, ├£bersicht"
OBJ_0228,Stonebock/Datenbank/Objekt 228,objects/OBJ_0228,2,"Kamera, Mikroskop, Sonderaufnahmen, UV 365 nm, UV 395 nm, ├£bersicht"
OBJ_0229,Stonebock/Datenbank/Objekt 229,objects/OBJ_0229,2,"Kamera, Mikroskop, Sonderaufnahmen, UV 365 nm, UV 395 nm, ├£bersicht"
OBJ_0230,Stonebock/Datenbank/Objekt 230,objects/OBJ_0230,2,"Kamera, Mikroskop, Sonderaufnahmen, UV 365 nm, UV 395 nm, ├£bersicht"
OBJ_0231,Stonebock/Datenbank/Objekt 231,objects/OBJ_0231,2,"Kamera, Mikroskop, Sonderaufnahmen, UV 365 nm, UV 395 nm, ├£bersicht"
OBJ_0232,Stonebock/Datenbank/Objekt 232,objects/OBJ_0232,2,"Kamera, Mikroskop, Sonderaufnahmen, UV 365 nm, UV 395 nm, ├£bersicht"
OBJ_0233,Stonebock/Datenbank/Objekt 233,objects/OBJ_0233,2,"Kamera, Mikroskop, Sonderaufnahmen, UV 365 nm, UV 395 nm, ├£bersicht"
OBJ_0234,Stonebock/Datenbank/Objekt 234,objects/OBJ_0234,2,"Kamera, Mikroskop, Sonderaufnahmen, UV 365 nm, UV 395 nm, ├£bersicht"
OBJ_0235,Stonebock/Datenbank/Objekt 235,objects/OBJ_0235,2,"Kamera, Mikroskop, Sonderaufnahmen, UV 365 nm, UV 395 nm, ├£bersicht"
OBJ_0236,Stonebock/Datenbank/Objekt 236,objects/OBJ_0236,2,"Kamera, Mikroskop, Sonderaufnahmen, UV 365 nm, UV 395 nm, ├£bersicht"
OBJ_0237,Stonebock/Datenbank/Objekt 237,objects/OBJ_0237,2,"Kamera, Mikroskop, Sonderaufnahmen, UV 365 nm, UV 395 nm, ├£bersicht"
OBJ_0238,Stonebock/Datenbank/Objekt 238,objects/OBJ_0238,2,"Kamera, Mikroskop, Sonderaufnahmen, UV 365 nm, UV 395 nm, ├£bersicht"
OBJ_0239,Stonebock/Datenbank/Objekt 239,objects/OBJ_0239,2,"Kamera, Mikroskop, Sonderaufnahmen, UV 365 nm, UV 395 nm, ├£bersicht"
OBJ_0240,Stonebock/Datenbank/Objekt 240,objects/OBJ_0240,2,"Kamera, Mikroskop, Sonderaufnahmen, UV 365 nm, UV 395 nm, ├£bersicht"
OBJ_0241,Stonebock/Datenbank/Objekt 241,objects/OBJ_0241,2,"Kamera, Mikroskop, Sonderaufnahmen, UV 365 nm, UV 395 nm, ├£bersicht"
OBJ_0242,Stonebock/Datenbank/Objekt 242,objects/OBJ_0242,2,"Kamera, Mikroskop, Sonderaufnahmen, UV 365 nm, UV 395 nm, ├£bersicht"
OBJ_0243,Stonebock/Datenbank/Objekt 243,objects/OBJ_0243,2,"Kamera, Mikroskop, Sonderaufnahmen, UV 365 nm, UV 395 nm, ├£bersicht"
OBJ_0244,Stonebock/Datenbank/Objekt 244,objects/OBJ_0244,2,"Kamera, Mikroskop, Sonderaufnahmen, UV 365 nm, UV 395 nm, ├£bersicht"
OBJ_0245,Stonebock/Datenbank/Objekt 245,objects/OBJ_0245,2,"Kamera, Mikroskop, Sonderaufnahmen, UV 365 nm, UV 395 nm, ├£bersicht"
OBJ_0246,Stonebock/Datenbank/Objekt 246,objects/OBJ_0246,2,"Kamera, Mikroskop, Sonderaufnahmen, UV 365 nm, UV 395 nm, ├£bersicht"
OBJ_0247,Stonebock/Datenbank/Objekt 247,objects/OBJ_0247,2,"Kamera, Mikroskop, Sonderaufnahmen, UV 365 nm, UV 395 nm, ├£bersicht"
OBJ_0248,Stonebock/Datenbank/Objekt 248,objects/OBJ_0248,2,"Kamera, Mikroskop, Sonderaufnahmen, UV 365 nm, UV 395 nm, ├£bersicht"
OBJ_0249,Stonebock/Datenbank/Objekt 249,objects/OBJ_0249,2,"Kamera, Mikroskop, Sonderaufnahmen, UV 365 nm, UV 395 nm, ├£bersicht"
OBJ_0250,Stonebock/Datenbank/Objekt 250,objects/OBJ_0250,2,"Kamera, Mikroskop, Sonderaufnahmen, UV 365 nm, UV 395 nm, ├£bersicht"
OBJ_0251,Stonebock/Datenbank/Objekt 251,objects/OBJ_0251,2,"Kamera, Mikroskop, Sonderaufnahmen, UV 365 nm, UV 395 nm, ├£bersicht"
OBJ_0252,Stonebock/Datenbank/Objekt 252,objects/OBJ_0252,2,"Kamera, Mikroskop, Sonderaufnahmen, UV 365 nm, UV 395 nm, ├£bersicht"
OBJ_0253,Stonebock/Datenbank/Objekt 253,objects/OBJ_0253,2,"Kamera, Mikroskop, Sonderaufnahmen, UV 365 nm, UV 395 nm, ├£bersicht"
OBJ_0254,Stonebock/Datenbank/Objekt 254,objects/OBJ_0254,2,"Kamera, Mikroskop, Sonderaufnahmen, UV 365 nm, UV 395 nm, ├£bersicht"
OBJ_0255,Stonebock/Datenbank/Objekt 255,objects/OBJ_0255,2,"Kamera, Mikroskop, Sonderaufnahmen, UV 365 nm, UV 395 nm, ├£bersicht"
OBJ_0256,Stonebock/Datenbank/Objekt 256,objects/OBJ_0256,2,"Kamera, Mikroskop, Sonderaufnahmen, UV 365 nm, UV 395 nm, ├£bersicht"
OBJ_0257,Stonebock/Datenbank/Objekt 257,objects/OBJ_0257,2,"Kamera, Mikroskop, Sonderaufnahmen, UV 365 nm, UV 395 nm, ├£bersicht"
OBJ_0258,Stonebock/Datenbank/Objekt 258,objects/OBJ_0258,2,"Kamera, Mikroskop, Sonderaufnahmen, UV 365 nm, UV 395 nm, ├£bersicht"
OBJ_0259,Stonebock/Datenbank/Objekt 259,objects/OBJ_0259,2,"Kamera, Mikroskop, Sonderaufnahmen, UV 365 nm, UV 395 nm, ├£bersicht"
OBJ_0260,Stonebock/Datenbank/Objekt 260,objects/OBJ_0260,2,"Kamera, Mikroskop, Sonderaufnahmen, UV 365 nm, UV 395 nm, ├£bersicht"
OBJ_0261,Stonebock/Datenbank/Objekt 261,objects/OBJ_0261,2,"Kamera, Mikroskop, Sonderaufnahmen, UV 365 nm, UV 395 nm, ├£bersicht"
OBJ_0262,Stonebock/Datenbank/Objekt 262,objects/OBJ_0262,2,"Kamera, Mikroskop, Sonderaufnahmen, UV 365 nm, UV 395 nm, ├£bersicht"
OBJ_0263,Stonebock/Datenbank/Objekt 263,objects/OBJ_0263,2,"Kamera, Mikroskop, Sonderaufnahmen, UV 365 nm, UV 395 nm, ├£bersicht"
OBJ_0264,Stonebock/Datenbank/Objekt 264,objects/OBJ_0264,2,"Kamera, Mikroskop, Sonderaufnahmen, UV 365 nm, UV 395 nm, ├£bersicht"
OBJ_0265,Stonebock/Datenbank/Objekt 265,objects/OBJ_0265,2,"Kamera, Mikroskop, Sonderaufnahmen, UV 365 nm, UV 395 nm, ├£bersicht"
OBJ_0266,Stonebock/Datenbank/Objekt 266,objects/OBJ_0266,2,"Kamera, Mikroskop, Sonderaufnahmen, UV 365 nm, UV 395 nm, ├£bersicht"
OBJ_0267,Stonebock/Datenbank/Objekt 267,objects/OBJ_0267,2,"Kamera, Mikroskop, Sonderaufnahmen, UV 365 nm, UV 395 nm, ├£bersicht"
OBJ_0268,Stonebock/Datenbank/Objekt 268,objects/OBJ_0268,2,"Kamera, Mikroskop, Sonderaufnahmen, UV 365 nm, UV 395 nm, ├£bersicht"
OBJ_0269,Stonebock/Datenbank/Objekt 269,objects/OBJ_0269,2,"Kamera, Mikroskop, Sonderaufnahmen, UV 365 nm, UV 395 nm, ├£bersicht"
OBJ_0270,Stonebock/Datenbank/Objekt 270,objects/OBJ_0270,2,"Kamera, Mikroskop, Sonderaufnahmen, UV 365 nm, UV 395 nm, ├£bersicht"
OBJ_0271,Stonebock/Datenbank/Objekt 271,objects/OBJ_0271,2,"Kamera, Mikroskop, Sonderaufnahmen, UV 365 nm, UV 395 nm, ├£bersicht"
OBJ_0272,Stonebock/Datenbank/Objekt 272,objects/OBJ_0272,2,"Kamera, Mikroskop, Sonderaufnahmen, UV 365 nm, UV 395 nm, ├£bersicht"
OBJ_0273,Stonebock/Datenbank/Objekt 273,objects/OBJ_0273,2,"Kamera, Mikroskop, Sonderaufnahmen, UV 365 nm, UV 395 nm, ├£bersicht"
OBJ_0274,Stonebock/Datenbank/Objekt 274,objects/OBJ_0274,2,"Kamera, Mikroskop, Sonderaufnahmen, UV 365 nm, UV 395 nm, ├£bersicht"
OBJ_0275,Stonebock/Datenbank/Objekt 275,objects/OBJ_0275,2,"Kamera, Mikroskop, Sonderaufnahmen, UV 365 nm, UV 395 nm, ├£bersicht"
OBJ_0276,Stonebock/Datenbank/Objekt 276,objects/OBJ_0276,2,"Kamera, Mikroskop, Sonderaufnahmen, UV 365 nm, UV 395 nm, ├£bersicht"
OBJ_0277,Stonebock/Datenbank/Objekt 277,objects/OBJ_0277,2,"Kamera, Mikroskop, Sonderaufnahmen, UV 365 nm, UV 395 nm, ├£bersicht"
OBJ_0278,Stonebock/Datenbank/Objekt 278,objects/OBJ_0278,2,"Kamera, Mikroskop, Sonderaufnahmen, UV 365 nm, UV 395 nm, ├£bersicht"
OBJ_0279,Stonebock/Datenbank/Objekt 279,objects/OBJ_0279,2,"Kamera, Mikroskop, Sonderaufnahmen, UV 365 nm, UV 395 nm, ├£bersicht"
OBJ_0280,Stonebock/Datenbank/Objekt 280,objects/OBJ_0280,2,"Kamera, Mikroskop, Sonderaufnahmen, UV 365 nm, UV 395 nm, ├£bersicht"
OBJ_0281,Stonebock/Datenbank/Objekt 281,objects/OBJ_0281,2,"Kamera, Mikroskop, Sonderaufnahmen, UV 365 nm, UV 395 nm, ├£bersicht"
OBJ_0282,Stonebock/Datenbank/Objekt 282,objects/OBJ_0282,2,"Kamera, Mikroskop, Sonderaufnahmen, UV 365 nm, UV 395 nm, ├£bersicht"
OBJ_0283,Stonebock/Datenbank/Objekt 283,objects/OBJ_0283,2,"Kamera, Mikroskop, Sonderaufnahmen, UV 365 nm, UV 395 nm, ├£bersicht"
OBJ_0284,Stonebock/Datenbank/Objekt 284,objects/OBJ_0284,2,"Kamera, Mikroskop, Sonderaufnahmen, UV 365 nm, UV 395 nm, ├£bersicht"
OBJ_0285,Stonebock/Datenbank/Objekt 285,objects/OBJ_0285,2,"Kamera, Mikroskop, Sonderaufnahmen, UV 365 nm, UV 395 nm, ├£bersicht"
OBJ_0286,Stonebock/Datenbank/Objekt 286,objects/OBJ_0286,2,"Kamera, Mikroskop, Sonderaufnahmen, UV 365 nm, UV 395 nm, ├£bersicht"
OBJ_0287,Stonebock/Datenbank/Objekt 287,objects/OBJ_0287,2,"Kamera, Mikroskop, Sonderaufnahmen, UV 365 nm, UV 395 nm, ├£bersicht"
OBJ_0288,Stonebock/Datenbank/Objekt 288,objects/OBJ_0288,2,"Kamera, Mikroskop, Sonderaufnahmen, UV 365 nm, UV 395 nm, ├£bersicht"
OBJ_0289,Stonebock/Datenbank/Objekt 289,objects/OBJ_0289,2,"Kamera, Mikroskop, Sonderaufnahmen, UV 365 nm, UV 395 nm, ├£bersicht"
OBJ_0290,Stonebock/Datenbank/Objekt 290,objects/OBJ_0290,2,"Kamera, Mikroskop, Sonderaufnahmen, UV 365 nm, UV 395 nm, ├£bersicht"
OBJ_0291,Stonebock/Datenbank/Objekt 291,objects/OBJ_0291,2,"Kamera, Mikroskop, Sonderaufnahmen, UV 365 nm, UV 395 nm, ├£bersicht"
OBJ_0292,Stonebock/Datenbank/Objekt 292,objects/OBJ_0292,2,"Kamera, Mikroskop, Sonderaufnahmen, UV 365 nm, UV 395 nm, ├£bersicht"
OBJ_0293,Stonebock/Datenbank/Objekt 293,objects/OBJ_0293,2,"Kamera, Mikroskop, Sonderaufnahmen, UV 365 nm, UV 395 nm, ├£bersicht"
OBJ_0294,Stonebock/Datenbank/Objekt 294,objects/OBJ_0294,2,"Kamera, Mikroskop, Sonderaufnahmen, UV 365 nm, UV 395 nm, ├£bersicht"
OBJ_0295,Stonebock/Datenbank/Objekt 295,objects/OBJ_0295,2,"Kamera, Mikroskop, Sonderaufnahmen, UV 365 nm, UV 395 nm, ├£bersicht"
OBJ_0296,Stonebock/Datenbank/Objekt 296,objects/OBJ_0296,2,"Kamera, Mikroskop, Sonderaufnahmen, UV 365 nm, UV 395 nm, ├£bersicht"
OBJ_0297,Stonebock/Datenbank/Objekt 297,objects/OBJ_0297,2,"Kamera, Mikroskop, Sonderaufnahmen, UV 365 nm, UV 395 nm, ├£bersicht"
OBJ_0298,Stonebock/Datenbank/Objekt 298,objects/OBJ_0298,2,"Kamera, Mikroskop, Sonderaufnahmen, UV 365 nm, UV 395 nm, ├£bersicht"
OBJ_0299,Stonebock/Datenbank/Objekt 299,objects/OBJ_0299,2,"Kamera, Mikroskop, Sonderaufnahmen, UV 365 nm, UV 395 nm, ├£bersicht"
OBJ_0300,Stonebock/Datenbank/Objekt 300,objects/OBJ_0300,2,"Kamera, Mikroskop, Sonderaufnahmen, UV 365 nm, UV 395 nm, ├£bersicht"
OBJ_0301,Stonebock/Datenbank/Objekt 301,objects/OBJ_0301,2,"Kamera, Mikroskop, Sonderaufnahmen, UV 365 nm, UV 395 nm, ├£bersicht"
OBJ_0302,Stonebock/Datenbank/Objekt 302,objects/OBJ_0302,2,"Kamera, Mikroskop, Sonderaufnahmen, UV 365 nm, UV 395 nm, ├£bersicht"
OBJ_0303,Stonebock/Datenbank/Objekt 303,objects/OBJ_0303,2,"Kamera, Mikroskop, Sonderaufnahmen, UV 365 nm, UV 395 nm, ├£bersicht"
OBJ_0304,Stonebock/Datenbank/Objekt 304,objects/OBJ_0304,2,"Kamera, Mikroskop, Sonderaufnahmen, UV 365 nm, UV 395 nm, ├£bersicht"
OBJ_0305,Stonebock/Datenbank/Objekt 305,objects/OBJ_0305,2,"Kamera, Mikroskop, Sonderaufnahmen, UV 365 nm, UV 395 nm, ├£bersicht"
OBJ_0306,Stonebock/Datenbank/Objekt 306,objects/OBJ_0306,2,"Kamera, Mikroskop, Sonderaufnahmen, UV 365 nm, UV 395 nm, ├£bersicht"
OBJ_0307,Stonebock/Datenbank/Objekt 307,objects/OBJ_0307,2,"Kamera, Mikroskop, Sonderaufnahmen, UV 365 nm, UV 395 nm, ├£bersicht"
OBJ_0308,Stonebock/Datenbank/Objekt 308,objects/OBJ_0308,2,"Kamera, Mikroskop, Sonderaufnahmen, UV 365 nm, UV 395 nm, ├£bersicht"
OBJ_0309,Stonebock/Datenbank/Objekt 309,objects/OBJ_0309,2,"Kamera, Mikroskop, Sonderaufnahmen, UV 365 nm, UV 395 nm, ├£bersicht"
OBJ_0310,Stonebock/Datenbank/Objekt 310,objects/OBJ_0310,2,"Kamera, Mikroskop, Sonderaufnahmen, UV 365 nm, UV 395 nm, ├£bersicht"
OBJ_0311,Stonebock/Datenbank/Objekt 311,objects/OBJ_0311,2,"Kamera, Mikroskop, Sonderaufnahmen, UV 365 nm, UV 395 nm, ├£bersicht"
OBJ_0312,Stonebock/Datenbank/Objekt 312,objects/OBJ_0312,2,"Kamera, Mikroskop, Sonderaufnahmen, UV 365 nm, UV 395 nm, ├£bersicht"
OBJ_0313,Stonebock/Datenbank/Objekt 313,objects/OBJ_0313,2,"Kamera, Mikroskop, Sonderaufnahmen, UV 365 nm, UV 395 nm, ├£bersicht"
OBJ_0314,Stonebock/Datenbank/Objekt 314,objects/OBJ_0314,2,"Kamera, Mikroskop, Sonderaufnahmen, UV 365 nm, UV 395 nm, ├£bersicht"
OBJ_0315,Stonebock/Datenbank/Objekt 315,objects/OBJ_0315,2,"Kamera, Mikroskop, Sonderaufnahmen, UV 365 nm, UV 395 nm, ├£bersicht"
OBJ_0316,Stonebock/Datenbank/Objekt 316,objects/OBJ_0316,2,"Kamera, Mikroskop, Sonderaufnahmen, UV 365 nm, UV 395 nm, ├£bersicht"
OBJ_0317,Stonebock/Datenbank/Objekt 317,objects/OBJ_0317,2,"Kamera, Mikroskop, Sonderaufnahmen, UV 365 nm, UV 395 nm, ├£bersicht"
OBJ_0318,Stonebock/Datenbank/Objekt 318,objects/OBJ_0318,2,"Kamera, Mikroskop, Sonderaufnahmen, UV 365 nm, UV 395 nm, ├£bersicht"
OBJ_0319,Stonebock/Datenbank/Objekt 319,objects/OBJ_0319,2,"Kamera, Mikroskop, Sonderaufnahmen, UV 365 nm, UV 395 nm, ├£bersicht"
OBJ_0320,Stonebock/Datenbank/Objekt 320,objects/OBJ_0320,2,"Kamera, Mikroskop, Sonderaufnahmen, UV 365 nm, UV 395 nm, ├£bersicht"
OBJ_0321,Stonebock/Datenbank/Objekt 321,objects/OBJ_0321,2,"Kamera, Mikroskop, Sonderaufnahmen, UV 365 nm, UV 395 nm, ├£bersicht"
OBJ_0322,Stonebock/Datenbank/Objekt 322,objects/OBJ_0322,2,"Kamera, Mikroskop, Sonderaufnahmen, UV 365 nm, UV 395 nm, ├£bersicht"
OBJ_0323,Stonebock/Datenbank/Objekt 323,objects/OBJ_0323,2,"Kamera, Mikroskop, Sonderaufnahmen, UV 365 nm, UV 395 nm, ├£bersicht"
OBJ_0324,Stonebock/Datenbank/Objekt 324,objects/OBJ_0324,2,"Kamera, Mikroskop, Sonderaufnahmen, UV 365 nm, UV 395 nm, ├£bersicht"
OBJ_0325,Stonebock/Datenbank/Objekt 325,objects/OBJ_0325,2,"Kamera, Mikroskop, Sonderaufnahmen, UV 365 nm, UV 395 nm, ├£bersicht"
OBJ_0326,Stonebock/Datenbank/Objekt 326,objects/OBJ_0326,2,"Kamera, Mikroskop, Sonderaufnahmen, UV 365 nm, UV 395 nm, ├£bersicht"
OBJ_0327,Stonebock/Datenbank/Objekt 327,objects/OBJ_0327,2,"Kamera, Mikroskop, Sonderaufnahmen, UV 365 nm, UV 395 nm, ├£bersicht"
OBJ_0328,Stonebock/Datenbank/Objekt 328,objects/OBJ_0328,2,"Kamera, Mikroskop, Sonderaufnahmen, UV 365 nm, UV 395 nm, ├£bersicht"
OBJ_0329,Stonebock/Datenbank/Objekt 329,objects/OBJ_0329,2,"Kamera, Mikroskop, Sonderaufnahmen, UV 365 nm, UV 395 nm, ├£bersicht"
OBJ_0330,Stonebock/Datenbank/Objekt 330,objects/OBJ_0330,2,"Kamera, Mikroskop, Sonderaufnahmen, UV 365 nm, UV 395 nm, ├£bersicht"
OBJ_0331,Stonebock/Datenbank/Objekt 331,objects/OBJ_0331,2,"Kamera, Mikroskop, Sonderaufnahmen, UV 365 nm, UV 395 nm, ├£bersicht"
OBJ_0332,Stonebock/Datenbank/Objekt 332,objects/OBJ_0332,2,"Kamera, Mikroskop, Sonderaufnahmen, UV 365 nm, UV 395 nm, ├£bersicht"
OBJ_0333,Stonebock/Datenbank/Objekt 333,objects/OBJ_0333,2,"Kamera, Mikroskop, Sonderaufnahmen, UV 365 nm, UV 395 nm, ├£bersicht"
OBJ_0334,Stonebock/Datenbank/Objekt 334,objects/OBJ_0334,2,"Kamera, Mikroskop, Sonderaufnahmen, UV 365 nm, UV 395 nm, ├£bersicht"
OBJ_0335,Stonebock/Datenbank/Objekt 335,objects/OBJ_0335,2,"Kamera, Mikroskop, Sonderaufnahmen, UV 365 nm, UV 395 nm, ├£bersicht"
OBJ_0336,Stonebock/Datenbank/Objekt 336,objects/OBJ_0336,2,"Kamera, Mikroskop, Sonderaufnahmen, UV 365 nm, UV 395 nm, ├£bersicht"
OBJ_0337,Stonebock/Datenbank/Objekt 337,objects/OBJ_0337,2,"Kamera, Mikroskop, Sonderaufnahmen, UV 365 nm, UV 395 nm, ├£bersicht"
OBJ_0338,Stonebock/Datenbank/Objekt 338,objects/OBJ_0338,2,"Kamera, Mikroskop, Sonderaufnahmen, UV 365 nm, UV 395 nm, ├£bersicht"
OBJ_0339,Stonebock/Datenbank/Objekt 339,objects/OBJ_0339,2,"Kamera, Mikroskop, Sonderaufnahmen, UV 365 nm, UV 395 nm, ├£bersicht"
OBJ_0340,Stonebock/Datenbank/Objekt 340,objects/OBJ_0340,2,"Kamera, Mikroskop, Sonderaufnahmen, UV 365 nm, UV 395 nm, ├£bersicht"
OBJ_0341,Stonebock/Datenbank/Objekt 341,objects/OBJ_0341,2,"Kamera, Mikroskop, Sonderaufnahmen, UV 365 nm, UV 395 nm, ├£bersicht"
OBJ_0342,Stonebock/Datenbank/Objekt 342,objects/OBJ_0342,2,"Kamera, Mikroskop, Sonderaufnahmen, UV 365 nm, UV 395 nm, ├£bersicht"
OBJ_0343,Stonebock/Datenbank/Objekt 343,objects/OBJ_0343,2,"Kamera, Mikroskop, Sonderaufnahmen, UV 365 nm, UV 395 nm, ├£bersicht"
OBJ_0344,Stonebock/Datenbank/Objekt 344,objects/OBJ_0344,2,"Kamera, Mikroskop, Sonderaufnahmen, UV 365 nm, UV 395 nm, ├£bersicht"
OBJ_0345,Stonebock/Datenbank/Objekt 345,objects/OBJ_0345,2,"Kamera, Mikroskop, Sonderaufnahmen, UV 365 nm, UV 395 nm, ├£bersicht"
OBJ_0346,Stonebock/Datenbank/Objekt 346,objects/OBJ_0346,2,"Kamera, Mikroskop, Sonderaufnahmen, UV 365 nm, UV 395 nm, ├£bersicht"
OBJ_0347,Stonebock/Datenbank/Objekt 347,objects/OBJ_0347,2,"Kamera, Mikroskop, Sonderaufnahmen, UV 365 nm, UV 395 nm, ├£bersicht"
OBJ_0348,Stonebock/Datenbank/Objekt 348,objects/OBJ_0348,2,"Kamera, Mikroskop, Sonderaufnahmen, UV 365 nm, UV 395 nm, ├£bersicht"
OBJ_0349,Stonebock/Datenbank/Objekt 349,objects/OBJ_0349,2,"Kamera, Mikroskop, Sonderaufnahmen, UV 365 nm, UV 395 nm, ├£bersicht"
OBJ_0350,Stonebock/Datenbank/Objekt 350,objects/OBJ_0350,2,"Kamera, Mikroskop, Sonderaufnahmen, UV 365 nm, UV 395 nm, ├£bersicht"
OBJ_0351,Stonebock/Datenbank/Objekt 351,objects/OBJ_0351,2,"Kamera, Mikroskop, Sonderaufnahmen, UV 365 nm, UV 395 nm, ├£bersicht"
OBJ_0352,Stonebock/Datenbank/Objekt 352,objects/OBJ_0352,2,"Kamera, Mikroskop, Sonderaufnahmen, UV 365 nm, UV 395 nm, ├£bersicht"
OBJ_0353,Stonebock/Datenbank/Objekt 353,objects/OBJ_0353,2,"Kamera, Mikroskop, Sonderaufnahmen, UV 365 nm, UV 395 nm, ├£bersicht"
OBJ_0354,Stonebock/Datenbank/Objekt 354,objects/OBJ_0354,2,"Kamera, Mikroskop, Sonderaufnahmen, UV 365 nm, UV 395 nm, ├£bersicht"
OBJ_0355,Stonebock/Datenbank/Objekt 355,objects/OBJ_0355,2,"Kamera, Mikroskop, Sonderaufnahmen, UV 365 nm, UV 395 nm, ├£bersicht"
OBJ_0356,Stonebock/Datenbank/Objekt 356,objects/OBJ_0356,2,"Kamera, Mikroskop, Sonderaufnahmen, UV 365 nm, UV 395 nm, ├£bersicht"
OBJ_0357,Stonebock/Datenbank/Objekt 357,objects/OBJ_0357,2,"Kamera, Mikroskop, Sonderaufnahmen, UV 365 nm, UV 395 nm, ├£bersicht"
OBJ_0358,Stonebock/Datenbank/Objekt 358,objects/OBJ_0358,2,"Kamera, Mikroskop, Sonderaufnahmen, UV 365 nm, UV 395 nm, ├£bersicht"
OBJ_0359,Stonebock/Datenbank/Objekt 359,objects/OBJ_0359,2,"Kamera, Mikroskop, Sonderaufnahmen, UV 365 nm, UV 395 nm, ├£bersicht"
OBJ_0360,Stonebock/Datenbank/Objekt 360,objects/OBJ_0360,2,"Kamera, Mikroskop, Sonderaufnahmen, UV 365 nm, UV 395 nm, ├£bersicht"
OBJ_0361,Stonebock/Datenbank/Objekt 361,objects/OBJ_0361,2,"Kamera, Mikroskop, Sonderaufnahmen, UV 365 nm, UV 395 nm, ├£bersicht"
OBJ_0362,Stonebock/Datenbank/Objekt 362,objects/OBJ_0362,2,"Kamera, Mikroskop, Sonderaufnahmen, UV 365 nm, UV 395 nm, ├£bersicht"
OBJ_0363,Stonebock/Datenbank/Objekt 363,objects/OBJ_0363,2,"Kamera, Mikroskop, Sonderaufnahmen, UV 365 nm, UV 395 nm, ├£bersicht"
OBJ_0364,Stonebock/Datenbank/Objekt 364,objects/OBJ_0364,2,"Kamera, Mikroskop, Sonderaufnahmen, UV 365 nm, UV 395 nm, ├£bersicht"
OBJ_0365,Stonebock/Datenbank/Objekt 365,objects/OBJ_0365,2,"Kamera, Mikroskop, Sonderaufnahmen, UV 365 nm, UV 395 nm, ├£bersicht"
OBJ_0366,Stonebock/Datenbank/Objekt 366,objects/OBJ_0366,2,"Kamera, Mikroskop, Sonderaufnahmen, UV 365 nm, UV 395 nm, ├£bersicht"
OBJ_0367,Stonebock/Datenbank/Objekt 367,objects/OBJ_0367,2,"Kamera, Mikroskop, Sonderaufnahmen, UV 365 nm, UV 395 nm, ├£bersicht"
OBJ_0368,Stonebock/Datenbank/Objekt 368,objects/OBJ_0368,2,"Kamera, Mikroskop, Sonderaufnahmen, UV 365 nm, UV 395 nm, ├£bersicht"
OBJ_0369,Stonebock/Datenbank/Objekt 369,objects/OBJ_0369,2,"Kamera, Mikroskop, Sonderaufnahmen, UV 365 nm, UV 395 nm, ├£bersicht"
OBJ_0370,Stonebock/Datenbank/Objekt 370,objects/OBJ_0370,2,"Kamera, Mikroskop, Sonderaufnahmen, UV 365 nm, UV 395 nm, ├£bersicht"
OBJ_0371,Stonebock/Datenbank/Objekt 371,objects/OBJ_0371,2,"Kamera, Mikroskop, Sonderaufnahmen, UV 365 nm, UV 395 nm, ├£bersicht"
OBJ_0372,Stonebock/Datenbank/Objekt 372,objects/OBJ_0372,2,"Kamera, Mikroskop, Sonderaufnahmen, UV 365 nm, UV 395 nm, ├£bersicht"
OBJ_0373,Stonebock/Datenbank/Objekt 373,objects/OBJ_0373,2,"Kamera, Mikroskop, Sonderaufnahmen, UV 365 nm, UV 395 nm, ├£bersicht"
OBJ_0374,Stonebock/Datenbank/Objekt 374,objects/OBJ_0374,2,"Kamera, Mikroskop, Sonderaufnahmen, UV 365 nm, UV 395 nm, ├£bersicht"
OBJ_0375,Stonebock/Datenbank/Objekt 375,objects/OBJ_0375,2,"Kamera, Mikroskop, Sonderaufnahmen, UV 365 nm, UV 395 nm, ├£bersicht"
OBJ_0376,Stonebock/Datenbank/Objekt 376,objects/OBJ_0376,2,"Kamera, Mikroskop, Sonderaufnahmen, UV 365 nm, UV 395 nm, ├£bersicht"
OBJ_0377,Stonebock/Datenbank/Objekt 377,objects/OBJ_0377,2,"Kamera, Mikroskop, Sonderaufnahmen, UV 365 nm, UV 395 nm, ├£bersicht"
OBJ_0378,Stonebock/Datenbank/Objekt 378,objects/OBJ_0378,2,"Kamera, Mikroskop, Sonderaufnahmen, UV 365 nm, UV 395 nm, ├£bersicht"
OBJ_0379,Stonebock/Datenbank/Objekt 379,objects/OBJ_0379,2,"Kamera, Mikroskop, Sonderaufnahmen, UV 365 nm, UV 395 nm, ├£bersicht"
OBJ_0380,Stonebock/Datenbank/Objekt 380,objects/OBJ_0380,2,"Kamera, Mikroskop, Sonderaufnahmen, UV 365 nm, UV 395 nm, ├£bersicht"
OBJ_0381,Stonebock/Datenbank/Objekt 381,objects/OBJ_0381,2,"Kamera, Mikroskop, Sonderaufnahmen, UV 365 nm, UV 395 nm, ├£bersicht"
OBJ_0382,Stonebock/Datenbank/Objekt 382,objects/OBJ_0382,2,"Kamera, Mikroskop, Sonderaufnahmen, UV 365 nm, UV 395 nm, ├£bersicht"
OBJ_0383,Stonebock/Datenbank/Objekt 383,objects/OBJ_0383,2,"Kamera, Mikroskop, Sonderaufnahmen, UV 365 nm, UV 395 nm, ├£bersicht"
OBJ_0384,Stonebock/Datenbank/Objekt 384,objects/OBJ_0384,2,"Kamera, Mikroskop, Sonderaufnahmen, UV 365 nm, UV 395 nm, ├£bersicht"
OBJ_0385,Stonebock/Datenbank/Objekt 385,objects/OBJ_0385,2,"Kamera, Mikroskop, Sonderaufnahmen, UV 365 nm, UV 395 nm, ├£bersicht"
OBJ_0386,Stonebock/Datenbank/Objekt 386,objects/OBJ_0386,2,"Kamera, Mikroskop, Sonderaufnahmen, UV 365 nm, UV 395 nm, ├£bersicht"
OBJ_0387,Stonebock/Datenbank/Objekt 387,objects/OBJ_0387,2,"Kamera, Mikroskop, Sonderaufnahmen, UV 365 nm, UV 395 nm, ├£bersicht"
OBJ_0388,Stonebock/Datenbank/Objekt 388,objects/OBJ_0388,2,"Kamera, Mikroskop, Sonderaufnahmen, UV 365 nm, UV 395 nm, ├£bersicht"
OBJ_0389,Stonebock/Datenbank/Objekt 389,objects/OBJ_0389,2,"Kamera, Mikroskop, Sonderaufnahmen, UV 365 nm, UV 395 nm, ├£bersicht"
OBJ_0390,Stonebock/Datenbank/Objekt 390,objects/OBJ_0390,2,"Kamera, Mikroskop, Sonderaufnahmen, UV 365 nm, UV 395 nm, ├£bersicht"
OBJ_0391,Stonebock/Datenbank/Objekt 391,objects/OBJ_0391,2,"Kamera, Mikroskop, Sonderaufnahmen, UV 365 nm, UV 395 nm, ├£bersicht"
OBJ_0392,Stonebock/Datenbank/Objekt 392,objects/OBJ_0392,2,"Kamera, Mikroskop, Sonderaufnahmen, UV 365 nm, UV 395 nm, ├£bersicht"
OBJ_0393,Stonebock/Datenbank/Objekt 393,objects/OBJ_0393,2,"Kamera, Mikroskop, Sonderaufnahmen, UV 365 nm, UV 395 nm, ├£bersicht"
OBJ_0394,Stonebock/Datenbank/Objekt 394,objects/OBJ_0394,2,"Kamera, Mikroskop, Sonderaufnahmen, UV 365 nm, UV 395 nm, ├£bersicht"
OBJ_0395,Stonebock/Datenbank/Objekt 395,objects/OBJ_0395,2,"Kamera, Mikroskop, Sonderaufnahmen, UV 365 nm, UV 395 nm, ├£bersicht"
OBJ_0396,Stonebock/Datenbank/Objekt 396,objects/OBJ_0396,2,"Kamera, Mikroskop, Sonderaufnahmen, UV 365 nm, UV 395 nm, ├£bersicht"
OBJ_0397,Stonebock/Datenbank/Objekt 397,objects/OBJ_0397,2,"Kamera, Mikroskop, Sonderaufnahmen, UV 365 nm, UV 395 nm, ├£bersicht"
OBJ_0398,Stonebock/Datenbank/Objekt 398,objects/OBJ_0398,2,"Kamera, Mikroskop, Sonderaufnahmen, UV 365 nm, UV 395 nm, ├£bersicht"
OBJ_0399,Stonebock/Datenbank/Objekt 399,objects/OBJ_0399,2,"Kamera, Mikroskop, Sonderaufnahmen, UV 365 nm, UV 395 nm, ├£bersicht"
OBJ_0400,Stonebock/Datenbank/Objekt 400,objects/OBJ_0400,2,"Kamera, Mikroskop, Sonderaufnahmen, UV 365 nm, UV 395 nm, ├£bersicht"
OBJ_0401,Stonebock/Datenbank/Objekt 401,objects/OBJ_0401,2,"Kamera, Mikroskop, Sonderaufnahmen, UV 365 nm, UV 395 nm, ├£bersicht"
OBJ_0402,Stonebock/Datenbank/Objekt 402,objects/OBJ_0402,2,"Kamera, Mikroskop, Sonderaufnahmen, UV 365 nm, UV 395 nm, ├£bersicht"
OBJ_0403,Stonebock/Datenbank/Objekt 403,objects/OBJ_0403,2,"Kamera, Mikroskop, Sonderaufnahmen, UV 365 nm, UV 395 nm, ├£bersicht"
OBJ_0404,Stonebock/Datenbank/Objekt 404,objects/OBJ_0404,2,"Kamera, Mikroskop, Sonderaufnahmen, UV 365 nm, UV 395 nm, ├£bersicht"
OBJ_0405,Stonebock/Datenbank/Objekt 405,objects/OBJ_0405,2,"Kamera, Mikroskop, Sonderaufnahmen, UV 365 nm, UV 395 nm, ├£bersicht"
OBJ_0406,Stonebock/Datenbank/Objekt 406,objects/OBJ_0406,2,"Kamera, Mikroskop, Sonderaufnahmen, UV 365 nm, UV 395 nm, ├£bersicht"
OBJ_0407,Stonebock/Datenbank/Objekt 407,objects/OBJ_0407,2,"Kamera, Mikroskop, Sonderaufnahmen, UV 365 nm, UV 395 nm, ├£bersicht"
OBJ_0408,Stonebock/Datenbank/Objekt 408,objects/OBJ_0408,2,"Kamera, Mikroskop, Sonderaufnahmen, UV 365 nm, UV 395 nm, ├£bersicht"
OBJ_0409,Stonebock/Datenbank/Objekt 409,objects/OBJ_0409,2,"Kamera, Mikroskop, Sonderaufnahmen, UV 365 nm, UV 395 nm, ├£bersicht"
OBJ_0410,Stonebock/Datenbank/Objekt 410,objects/OBJ_0410,2,"Kamera, Mikroskop, Sonderaufnahmen, UV 365 nm, UV 395 nm, ├£bersicht"
OBJ_0411,Stonebock/Datenbank/Objekt 411,objects/OBJ_0411,2,"Kamera, Mikroskop, Sonderaufnahmen, UV 365 nm, UV 395 nm, ├£bersicht"
OBJ_0412,Stonebock/Datenbank/Objekt 412,objects/OBJ_0412,2,"Kamera, Mikroskop, Sonderaufnahmen, UV 365 nm, UV 395 nm, ├£bersicht"
OBJ_0413,Stonebock/Datenbank/Objekt 413,objects/OBJ_0413,2,"Kamera, Mikroskop, Sonderaufnahmen, UV 365 nm, UV 395 nm, ├£bersicht"
OBJ_0414,Stonebock/Datenbank/Objekt 414,objects/OBJ_0414,2,"Kamera, Mikroskop, Sonderaufnahmen, UV 365 nm, UV 395 nm, ├£bersicht"
OBJ_0415,Stonebock/Datenbank/Objekt 415,objects/OBJ_0415,2,"Kamera, Mikroskop, Sonderaufnahmen, UV 365 nm, UV 395 nm, ├£bersicht"
OBJ_0416,Stonebock/Datenbank/Objekt 416,objects/OBJ_0416,2,"Kamera, Mikroskop, Sonderaufnahmen, UV 365 nm, UV 395 nm, ├£bersicht"
OBJ_0417,Stonebock/Datenbank/Objekt 417,objects/OBJ_0417,2,"Kamera, Mikroskop, Sonderaufnahmen, UV 365 nm, UV 395 nm, ├£bersicht"
OBJ_0418,Stonebock/Datenbank/Objekt 418,objects/OBJ_0418,2,"Kamera, Mikroskop, Sonderaufnahmen, UV 365 nm, UV 395 nm, ├£bersicht"
OBJ_0419,Stonebock/Datenbank/Objekt 419,objects/OBJ_0419,2,"Kamera, Mikroskop, Sonderaufnahmen, UV 365 nm, UV 395 nm, ├£bersicht"
OBJ_0420,Stonebock/Datenbank/Objekt 420,objects/OBJ_0420,2,"Kamera, Mikroskop, Sonderaufnahmen, UV 365 nm, UV 395 nm, ├£bersicht"
OBJ_0421,Stonebock/Datenbank/Objekt 421,objects/OBJ_0421,2,"Kamera, Mikroskop, Sonderaufnahmen, UV 365 nm, UV 395 nm, ├£bersicht"
OBJ_0422,Stonebock/Datenbank/Objekt 422,objects/OBJ_0422,2,"Kamera, Mikroskop, Sonderaufnahmen, UV 365 nm, UV 395 nm, ├£bersicht"
OBJ_0423,Stonebock/Datenbank/Objekt 423,objects/OBJ_0423,2,"Kamera, Mikroskop, Sonderaufnahmen, UV 365 nm, UV 395 nm, ├£bersicht"
OBJ_0424,Stonebock/Datenbank/Objekt 424,objects/OBJ_0424,2,"Kamera, Mikroskop, Sonderaufnahmen, UV 365 nm, UV 395 nm, ├£bersicht"
OBJ_0425,Stonebock/Datenbank/Objekt 425,objects/OBJ_0425,2,"Kamera, Mikroskop, Sonderaufnahmen, UV 365 nm, UV 395 nm, ├£bersicht"
OBJ_0426,Stonebock/Datenbank/Objekt 426,objects/OBJ_0426,2,"Kamera, Mikroskop, Sonderaufnahmen, UV 365 nm, UV 395 nm, ├£bersicht"
OBJ_0427,Stonebock/Datenbank/Objekt 427,objects/OBJ_0427,2,"Kamera, Mikroskop, Sonderaufnahmen, UV 365 nm, UV 395 nm, ├£bersicht"
OBJ_0428,Stonebock/Datenbank/Objekt 428,objects/OBJ_0428,2,"Kamera, Mikroskop, Sonderaufnahmen, UV 365 nm, UV 395 nm, ├£bersicht"
OBJ_0429,Stonebock/Datenbank/Objekt 429,objects/OBJ_0429,2,"Kamera, Mikroskop, Sonderaufnahmen, UV 365 nm, UV 395 nm, ├£bersicht"
OBJ_0430,Stonebock/Datenbank/Objekt 430,objects/OBJ_0430,2,"Kamera, Mikroskop, Sonderaufnahmen, UV 365 nm, UV 395 nm, ├£bersicht"
OBJ_0431,Stonebock/Datenbank/Objekt 431,objects/OBJ_0431,2,"Kamera, Mikroskop, Sonderaufnahmen, UV 365 nm, UV 395 nm, ├£bersicht"
OBJ_0432,Stonebock/Datenbank/Objekt 432,objects/OBJ_0432,2,"Kamera, Mikroskop, Sonderaufnahmen, UV 365 nm, UV 395 nm, ├£bersicht"
OBJ_0433,Stonebock/Datenbank/Objekt 433,objects/OBJ_0433,2,"Kamera, Mikroskop, Sonderaufnahmen, UV 365 nm, UV 395 nm, ├£bersicht"
OBJ_0434,Stonebock/Datenbank/Objekt 434,objects/OBJ_0434,2,"Kamera, Mikroskop, Sonderaufnahmen, UV 365 nm, UV 395 nm, ├£bersicht"
OBJ_0435,Stonebock/Datenbank/Objekt 435,objects/OBJ_0435,2,"Kamera, Mikroskop, Sonderaufnahmen, UV 365 nm, UV 395 nm, ├£bersicht"
OBJ_0436,Stonebock/Datenbank/Objekt 436,objects/OBJ_0436,2,"Kamera, Mikroskop, Sonderaufnahmen, UV 365 nm, UV 395 nm, ├£bersicht"
OBJ_0437,Stonebock/Datenbank/Objekt 437,objects/OBJ_0437,2,"Kamera, Mikroskop, Sonderaufnahmen, UV 365 nm, UV 395 nm, ├£bersicht"
OBJ_0438,Stonebock/Datenbank/Objekt 438,objects/OBJ_0438,2,"Kamera, Mikroskop, Sonderaufnahmen, UV 365 nm, UV 395 nm, ├£bersicht"
OBJ_0439,Stonebock/Datenbank/Objekt 439,objects/OBJ_0439,2,"Kamera, Mikroskop, Sonderaufnahmen, UV 365 nm, UV 395 nm, ├£bersicht"
OBJ_0440,Stonebock/Datenbank/Objekt 440,objects/OBJ_0440,2,"Kamera, Mikroskop, Sonderaufnahmen, UV 365 nm, UV 395 nm, ├£bersicht"
OBJ_0441,Stonebock/Datenbank/Objekt 441,objects/OBJ_0441,2,"Kamera, Mikroskop, Sonderaufnahmen, UV 365 nm, UV 395 nm, ├£bersicht"
OBJ_0442,Stonebock/Datenbank/Objekt 442,objects/OBJ_0442,2,"Kamera, Mikroskop, Sonderaufnahmen, UV 365 nm, UV 395 nm, ├£bersicht"
OBJ_0443,Stonebock/Datenbank/Objekt 443,objects/OBJ_0443,2,"Kamera, Mikroskop, Sonderaufnahmen, UV 365 nm, UV 395 nm, ├£bersicht"
OBJ_0444,Stonebock/Datenbank/Objekt 444,objects/OBJ_0444,2,"Kamera, Mikroskop, Sonderaufnahmen, UV 365 nm, UV 395 nm, ├£bersicht"
OBJ_0445,Stonebock/Datenbank/Objekt 445,objects/OBJ_0445,2,"Kamera, Mikroskop, Sonderaufnahmen, UV 365 nm, UV 395 nm, ├£bersicht"
OBJ_0446,Stonebock/Datenbank/Objekt 446,objects/OBJ_0446,2,"Kamera, Mikroskop, Sonderaufnahmen, UV 365 nm, UV 395 nm, ├£bersicht"
OBJ_0447,Stonebock/Datenbank/Objekt 447,objects/OBJ_0447,2,"Kamera, Mikroskop, Sonderaufnahmen, UV 365 nm, UV 395 nm, ├£bersicht"
OBJ_0448,Stonebock/Datenbank/Objekt 448,objects/OBJ_0448,2,"Kamera, Mikroskop, Sonderaufnahmen, UV 365 nm, UV 395 nm, ├£bersicht"
OBJ_0449,Stonebock/Datenbank/Objekt 449,objects/OBJ_0449,2,"Kamera, Mikroskop, Sonderaufnahmen, UV 365 nm, UV 395 nm, ├£bersicht"
OBJ_0450,Stonebock/Datenbank/Objekt 450,objects/OBJ_0450,2,"Kamera, Mikroskop, Sonderaufnahmen, UV 365 nm, UV 395 nm, ├£bersicht"
OBJ_0451,Stonebock/Datenbank/Objekt 451,objects/OBJ_0451,2,"Kamera, Mikroskop, Sonderaufnahmen, UV 365 nm, UV 395 nm, ├£bersicht"
OBJ_0452,Stonebock/Datenbank/Objekt 452,objects/OBJ_0452,2,"Kamera, Mikroskop, Sonderaufnahmen, UV 365 nm, UV 395 nm, ├£bersicht"
OBJ_0453,Stonebock/Datenbank/Objekt 453,objects/OBJ_0453,2,"Kamera, Mikroskop, Sonderaufnahmen, UV 365 nm, UV 395 nm, ├£bersicht"
OBJ_0454,Stonebock/Datenbank/Objekt 454,objects/OBJ_0454,2,"Kamera, Mikroskop, Sonderaufnahmen, UV 365 nm, UV 395 nm, ├£bersicht"
OBJ_0455,Stonebock/Datenbank/Objekt 455,objects/OBJ_0455,2,"Kamera, Mikroskop, Sonderaufnahmen, UV 365 nm, UV 395 nm, ├£bersicht"
OBJ_0456,Stonebock/Datenbank/Objekt 456,objects/OBJ_0456,2,"Kamera, Mikroskop, Sonderaufnahmen, UV 365 nm, UV 395 nm, ├£bersicht"
OBJ_0457,Stonebock/Datenbank/Objekt 457,objects/OBJ_0457,2,"Kamera, Mikroskop, Sonderaufnahmen, UV 365 nm, UV 395 nm, ├£bersicht"
OBJ_0458,Stonebock/Datenbank/Objekt 458,objects/OBJ_0458,2,"Kamera, Mikroskop, Sonderaufnahmen, UV 365 nm, UV 395 nm, ├£bersicht"
OBJ_0459,Stonebock/Datenbank/Objekt 459,objects/OBJ_0459,2,"Kamera, Mikroskop, Sonderaufnahmen, UV 365 nm, UV 395 nm, ├£bersicht"
OBJ_0460,Stonebock/Datenbank/Objekt 460,objects/OBJ_0460,2,"Kamera, Mikroskop, Sonderaufnahmen, UV 365 nm, UV 395 nm, ├£bersicht"
OBJ_0461,Stonebock/Datenbank/Objekt 461,objects/OBJ_0461,2,"Kamera, Mikroskop, Sonderaufnahmen, UV 365 nm, UV 395 nm, ├£bersicht"
OBJ_0462,Stonebock/Datenbank/Objekt 462,objects/OBJ_0462,2,"Kamera, Mikroskop, Sonderaufnahmen, UV 365 nm, UV 395 nm, ├£bersicht"
OBJ_0463,Stonebock/Datenbank/Objekt 463,objects/OBJ_0463,2,"Kamera, Mikroskop, Sonderaufnahmen, UV 365 nm, UV 395 nm, ├£bersicht"
OBJ_0464,Stonebock/Datenbank/Objekt 464,objects/OBJ_0464,2,"Kamera, Mikroskop, Sonderaufnahmen, UV 365 nm, UV 395 nm, ├£bersicht"
OBJ_0465,Stonebock/Datenbank/Objekt 465,objects/OBJ_0465,2,"Kamera, Mikroskop, Sonderaufnahmen, UV 365 nm, UV 395 nm, ├£bersicht"
OBJ_0466,Stonebock/Datenbank/Objekt 466,objects/OBJ_0466,2,"Kamera, Mikroskop, Sonderaufnahmen, UV 365 nm, UV 395 nm, ├£bersicht"
OBJ_0467,Stonebock/Datenbank/Objekt 467,objects/OBJ_0467,2,"Kamera, Mikroskop, Sonderaufnahmen, UV 365 nm, UV 395 nm, ├£bersicht"
OBJ_0468,Stonebock/Datenbank/Objekt 468,objects/OBJ_0468,2,"Kamera, Mikroskop, Sonderaufnahmen, UV 365 nm, UV 395 nm, ├£bersicht"
OBJ_0469,Stonebock/Datenbank/Objekt 469,objects/OBJ_0469,2,"Kamera, Mikroskop, Sonderaufnahmen, UV 365 nm, UV 395 nm, ├£bersicht"
OBJ_0470,Stonebock/Datenbank/Objekt 470,objects/OBJ_0470,2,"Kamera, Mikroskop, Sonderaufnahmen, UV 365 nm, UV 395 nm, ├£bersicht"
OBJ_0471,Stonebock/Datenbank/Objekt 471,objects/OBJ_0471,2,"Kamera, Mikroskop, Sonderaufnahmen, UV 365 nm, UV 395 nm, ├£bersicht"
OBJ_0472,Stonebock/Datenbank/Objekt 472,objects/OBJ_0472,2,"Kamera, Mikroskop, Sonderaufnahmen, UV 365 nm, UV 395 nm, ├£bersicht"
OBJ_0473,Stonebock/Datenbank/Objekt 473,objects/OBJ_0473,2,"Kamera, Mikroskop, Sonderaufnahmen, UV 365 nm, UV 395 nm, ├£bersicht"
OBJ_0474,Stonebock/Datenbank/Objekt 474,objects/OBJ_0474,2,"Kamera, Mikroskop, Sonderaufnahmen, UV 365 nm, UV 395 nm, ├£bersicht"
OBJ_0475,Stonebock/Datenbank/Objekt 475,objects/OBJ_0475,2,"Kamera, Mikroskop, Sonderaufnahmen, UV 365 nm, UV 395 nm, ├£bersicht"
OBJ_0476,Stonebock/Datenbank/Objekt 476,objects/OBJ_0476,2,"Kamera, Mikroskop, Sonderaufnahmen, UV 365 nm, UV 395 nm, ├£bersicht"
OBJ_0477,Stonebock/Datenbank/Objekt 477,objects/OBJ_0477,2,"Kamera, Mikroskop, Sonderaufnahmen, UV 365 nm, UV 395 nm, ├£bersicht"
OBJ_0478,Stonebock/Datenbank/Objekt 478,objects/OBJ_0478,2,"Kamera, Mikroskop, Sonderaufnahmen, UV 365 nm, UV 395 nm, ├£bersicht"
OBJ_0479,Stonebock/Datenbank/Objekt 479,objects/OBJ_0479,2,"Kamera, Mikroskop, Sonderaufnahmen, UV 365 nm, UV 395 nm, ├£bersicht"
OBJ_0480,Stonebock/Datenbank/Objekt 480,objects/OBJ_0480,2,"Kamera, Mikroskop, Sonderaufnahmen, UV 365 nm, UV 395 nm, ├£bersicht"
OBJ_0481,Stonebock/Datenbank/Objekt 481,objects/OBJ_0481,2,"Kamera, Mikroskop, Sonderaufnahmen, UV 365 nm, UV 395 nm, ├£bersicht"
OBJ_0482,Stonebock/Datenbank/Objekt 482,objects/OBJ_0482,2,"Kamera, Mikroskop, Sonderaufnahmen, UV 365 nm, UV 395 nm, ├£bersicht"
OBJ_0483,Stonebock/Datenbank/Objekt 483,objects/OBJ_0483,2,"Kamera, Mikroskop, Sonderaufnahmen, UV 365 nm, UV 395 nm, ├£bersicht"
OBJ_0484,Stonebock/Datenbank/Objekt 484,objects/OBJ_0484,2,"Kamera, Mikroskop, Sonderaufnahmen, UV 365 nm, UV 395 nm, ├£bersicht"
OBJ_0485,Stonebock/Datenbank/Objekt 485,objects/OBJ_0485,2,"Kamera, Mikroskop, Sonderaufnahmen, UV 365 nm, UV 395 nm, ├£bersicht"
OBJ_0486,Stonebock/Datenbank/Objekt 486,objects/OBJ_0486,2,"Kamera, Mikroskop, Sonderaufnahmen, UV 365 nm, UV 395 nm, ├£bersicht"
OBJ_0487,Stonebock/Datenbank/Objekt 487,objects/OBJ_0487,2,"Kamera, Mikroskop, Sonderaufnahmen, UV 365 nm, UV 395 nm, ├£bersicht"
OBJ_0488,Stonebock/Datenbank/Objekt 488,objects/OBJ_0488,2,"Kamera, Mikroskop, Sonderaufnahmen, UV 365 nm, UV 395 nm, ├£bersicht"
OBJ_0489,Stonebock/Datenbank/Objekt 489,objects/OBJ_0489,2,"Kamera, Mikroskop, Sonderaufnahmen, UV 365 nm, UV 395 nm, ├£bersicht"
OBJ_0490,Stonebock/Datenbank/Objekt 490,objects/OBJ_0490,2,"Kamera, Mikroskop, Sonderaufnahmen, UV 365 nm, UV 395 nm, ├£bersicht"
OBJ_0491,Stonebock/Datenbank/Objekt 491,objects/OBJ_0491,2,"Kamera, Mikroskop, Sonderaufnahmen, UV 365 nm, UV 395 nm, ├£bersicht"
OBJ_0492,Stonebock/Datenbank/Objekt 492,objects/OBJ_0492,2,"Kamera, Mikroskop, Sonderaufnahmen, UV 365 nm, UV 395 nm, ├£bersicht"
OBJ_0493,Stonebock/Datenbank/Objekt 493,objects/OBJ_0493,2,"Kamera, Mikroskop, Sonderaufnahmen, UV 365 nm, UV 395 nm, ├£bersicht"
OBJ_0494,Stonebock/Datenbank/Objekt 494,objects/OBJ_0494,2,"Kamera, Mikroskop, Sonderaufnahmen, UV 365 nm, UV 395 nm, ├£bersicht"
OBJ_0495,Stonebock/Datenbank/Objekt 495,objects/OBJ_0495,2,"Kamera, Mikroskop, Sonderaufnahmen, UV 365 nm, UV 395 nm, ├£bersicht"
OBJ_0496,Stonebock/Datenbank/Objekt 496,objects/OBJ_0496,2,"Kamera, Mikroskop, Sonderaufnahmen, UV 365 nm, UV 395 nm, ├£bersicht"
OBJ_0497,Stonebock/Datenbank/Objekt 497,objects/OBJ_0497,2,"Kamera, Mikroskop, Sonderaufnahmen, UV 365 nm, UV 395 nm, ├£bersicht"
OBJ_0498,Stonebock/Datenbank/Objekt 498,objects/OBJ_0498,2,"Kamera, Mikroskop, Sonderaufnahmen, UV 365 nm, UV 395 nm, ├£bersicht"
OBJ_0499,Stonebock/Datenbank/Objekt 499,objects/OBJ_0499,2,"Kamera, Mikroskop, Sonderaufnahmen, UV 365 nm, UV 395 nm, ├£bersicht"
OBJ_0500,Stonebock/Datenbank/Objekt 500,objects/OBJ_0500,2,"Kamera, Mikroskop, Sonderaufnahmen, UV 365 nm, UV 395 nm, ├£bersicht"
OBJ_0501,Stonebock/Datenbank/Objekt 501,objects/OBJ_0501,2,"Kamera, Mikroskop, Sonderaufnahmen, UV 365 nm, UV 395 nm, ├£bersicht"
OBJ_0502,Stonebock/Datenbank/Objekt 502,objects/OBJ_0502,2,"Kamera, Mikroskop, Sonderaufnahmen, UV 365 nm, UV 395 nm, ├£bersicht"
OBJ_0503,Stonebock/Datenbank/Objekt 503,objects/OBJ_0503,2,"Kamera, Mikroskop, Sonderaufnahmen, UV 365 nm, UV 395 nm, ├£bersicht"
OBJ_0504,Stonebock/Datenbank/Objekt 504,objects/OBJ_0504,2,"Kamera, Mikroskop, Sonderaufnahmen, UV 365 nm, UV 395 nm, ├£bersicht"
OBJ_0505,Stonebock/Datenbank/Objekt 505,objects/OBJ_0505,2,"Kamera, Mikroskop, Sonderaufnahmen, UV 365 nm, UV 395 nm, ├£bersicht"
OBJ_0506,Stonebock/Datenbank/Objekt 506,objects/OBJ_0506,2,"Kamera, Mikroskop, Sonderaufnahmen, UV 365 nm, UV 395 nm, ├£bersicht"
OBJ_0507,Stonebock/Datenbank/Objekt 507,objects/OBJ_0507,2,"Kamera, Mikroskop, Sonderaufnahmen, UV 365 nm, UV 395 nm, ├£bersicht"
OBJ_0508,Stonebock/Datenbank/Objekt 508,objects/OBJ_0508,2,"Kamera, Mikroskop, Sonderaufnahmen, UV 365 nm, UV 395 nm, ├£bersicht"
OBJ_0509,Stonebock/Datenbank/Objekt 509,objects/OBJ_0509,2,"Kamera, Mikroskop, Sonderaufnahmen, UV 365 nm, UV 395 nm, ├£bersicht"
OBJ_0510,Stonebock/Datenbank/Objekt 510,objects/OBJ_0510,2,"Kamera, Mikroskop, Sonderaufnahmen, UV 365 nm, UV 395 nm, ├£bersicht"
OBJ_0511,Stonebock/Datenbank/Objekt 511,objects/OBJ_0511,2,"Kamera, Mikroskop, Sonderaufnahmen, UV 365 nm, UV 395 nm, ├£bersicht"
OBJ_0512,Stonebock/Datenbank/Objekt 512,objects/OBJ_0512,2,"Kamera, Mikroskop, Sonderaufnahmen, UV 365 nm, UV 395 nm, ├£bersicht"
OBJ_0513,Stonebock/Datenbank/Objekt 513,objects/OBJ_0513,2,"Kamera, Mikroskop, Sonderaufnahmen, UV 365 nm, UV 395 nm, ├£bersicht"
OBJ_0514,Stonebock/Datenbank/Objekt 514,objects/OBJ_0514,2,"Kamera, Mikroskop, Sonderaufnahmen, UV 365 nm, UV 395 nm, ├£bersicht"
OBJ_0515,Stonebock/Datenbank/Objekt 515,objects/OBJ_0515,2,"Kamera, Mikroskop, Sonderaufnahmen, UV 365 nm, UV 395 nm, ├£bersicht"
OBJ_0516,Stonebock/Datenbank/Objekt 516,objects/OBJ_0516,2,"Kamera, Mikroskop, Sonderaufnahmen, UV 365 nm, UV 395 nm, ├£bersicht"
OBJ_0517,Stonebock/Datenbank/Objekt 517,objects/OBJ_0517,2,"Kamera, Mikroskop, Sonderaufnahmen, UV 365 nm, UV 395 nm, ├£bersicht"
OBJ_0518,Stonebock/Datenbank/Objekt 518,objects/OBJ_0518,2,"Kamera, Mikroskop, Sonderaufnahmen, UV 365 nm, UV 395 nm, ├£bersicht"
OBJ_0519,Stonebock/Datenbank/Objekt 519,objects/OBJ_0519,2,"Kamera, Mikroskop, Sonderaufnahmen, UV 365 nm, UV 395 nm, ├£bersicht"
OBJ_0520,Stonebock/Datenbank/Objekt 520,objects/OBJ_0520,2,"Kamera, Mikroskop, Sonderaufnahmen, UV 365 nm, UV 395 nm, ├£bersicht"
OBJ_0521,Stonebock/Datenbank/Objekt 521,objects/OBJ_0521,2,"Kamera, Mikroskop, Sonderaufnahmen, UV 365 nm, UV 395 nm, ├£bersicht"
OBJ_0522,Stonebock/Datenbank/Objekt 522,objects/OBJ_0522,2,"Kamera, Mikroskop, Sonderaufnahmen, UV 365 nm, UV 395 nm, ├£bersicht"
OBJ_0523,Stonebock/Datenbank/Objekt 523,objects/OBJ_0523,2,"Kamera, Mikroskop, Sonderaufnahmen, UV 365 nm, UV 395 nm, ├£bersicht"
OBJ_0524,Stonebock/Datenbank/Objekt 524,objects/OBJ_0524,2,"Kamera, Mikroskop, Sonderaufnahmen, UV 365 nm, UV 395 nm, ├£bersicht"
OBJ_0525,Stonebock/Datenbank/Objekt 525,objects/OBJ_0525,2,"Kamera, Mikroskop, Sonderaufnahmen, UV 365 nm, UV 395 nm, ├£bersicht"
OBJ_0526,Stonebock/Datenbank/Objekt 526,objects/OBJ_0526,2,"Kamera, Mikroskop, Sonderaufnahmen, UV 365 nm, UV 395 nm, ├£bersicht"
OBJ_0527,Stonebock/Datenbank/Objekt 527,objects/OBJ_0527,2,"Kamera, Mikroskop, Sonderaufnahmen, UV 365 nm, UV 395 nm, ├£bersicht"
OBJ_0528,Stonebock/Datenbank/Objekt 528,objects/OBJ_0528,2,"Kamera, Mikroskop, Sonderaufnahmen, UV 365 nm, UV 395 nm, ├£bersicht"
OBJ_0529,Stonebock/Datenbank/Objekt 529,objects/OBJ_0529,2,"Kamera, Mikroskop, Sonderaufnahmen, UV 365 nm, UV 395 nm, ├£bersicht"
OBJ_0530,Stonebock/Datenbank/Objekt 530,objects/OBJ_0530,2,"Kamera, Mikroskop, Sonderaufnahmen, UV 365 nm, UV 395 nm, ├£bersicht"
OBJ_0531,Stonebock/Datenbank/Objekt 531,objects/OBJ_0531,2,"Kamera, Mikroskop, Sonderaufnahmen, UV 365 nm, UV 395 nm, ├£bersicht"
OBJ_0532,Stonebock/Datenbank/Objekt 532,objects/OBJ_0532,2,"Kamera, Mikroskop, Sonderaufnahmen, UV 365 nm, UV 395 nm, ├£bersicht"
OBJ_0533,Stonebock/Datenbank/Objekt 533,objects/OBJ_0533,2,"Kamera, Mikroskop, Sonderaufnahmen, UV 365 nm, UV 395 nm, ├£bersicht"
OBJ_0534,Stonebock/Datenbank/Objekt 534,objects/OBJ_0534,2,"Kamera, Mikroskop, Sonderaufnahmen, UV 365 nm, UV 395 nm, ├£bersicht"
OBJ_0535,Stonebock/Datenbank/Objekt 535,objects/OBJ_0535,2,"Kamera, Mikroskop, Sonderaufnahmen, UV 365 nm, UV 395 nm, ├£bersicht"
OBJ_0536,Stonebock/Datenbank/Objekt 536,objects/OBJ_0536,2,"Kamera, Mikroskop, Sonderaufnahmen, UV 365 nm, UV 395 nm, ├£bersicht"
OBJ_0537,Stonebock/Datenbank/Objekt 537,objects/OBJ_0537,2,"Kamera, Mikroskop, Sonderaufnahmen, UV 365 nm, UV 395 nm, ├£bersicht"
OBJ_0538,Stonebock/Datenbank/Objekt 538,objects/OBJ_0538,2,"Kamera, Mikroskop, Sonderaufnahmen, UV 365 nm, UV 395 nm, ├£bersicht"
OBJ_0539,Stonebock/Datenbank/Objekt 539,objects/OBJ_0539,2,"Kamera, Mikroskop, Sonderaufnahmen, UV 365 nm, UV 395 nm, ├£bersicht"
OBJ_0540,Stonebock/Datenbank/Objekt 540,objects/OBJ_0540,2,"Kamera, Mikroskop, Sonderaufnahmen, UV 365 nm, UV 395 nm, ├£bersicht"
OBJ_0541,Stonebock/Datenbank/Objekt 541,objects/OBJ_0541,2,"Kamera, Mikroskop, Sonderaufnahmen, UV 365 nm, UV 395 nm, ├£bersicht"
OBJ_0542,Stonebock/Datenbank/Objekt 542,objects/OBJ_0542,2,"Kamera, Mikroskop, Sonderaufnahmen, UV 365 nm, UV 395 nm, ├£bersicht"
OBJ_0543,Stonebock/Datenbank/Objekt 543,objects/OBJ_0543,2,"Kamera, Mikroskop, Sonderaufnahmen, UV 365 nm, UV 395 nm, ├£bersicht"
OBJ_0544,Stonebock/Datenbank/Objekt 544,objects/OBJ_0544,2,"Kamera, Mikroskop, Sonderaufnahmen, UV 365 nm, UV 395 nm, ├£bersicht"
OBJ_0545,Stonebock/Datenbank/Objekt 545,objects/OBJ_0545,2,"Kamera, Mikroskop, Sonderaufnahmen, UV 365 nm, UV 395 nm, ├£bersicht"
OBJ_0546,Stonebock/Datenbank/Objekt 546,objects/OBJ_0546,2,"Kamera, Mikroskop, Sonderaufnahmen, UV 365 nm, UV 395 nm, ├£bersicht"
OBJ_0547,Stonebock/Datenbank/Objekt 547,objects/OBJ_0547,2,"Kamera, Mikroskop, Sonderaufnahmen, UV 365 nm, UV 395 nm, ├£bersicht"
OBJ_0548,Stonebock/Datenbank/Objekt 548,objects/OBJ_0548,2,"Kamera, Mikroskop, Sonderaufnahmen, UV 365 nm, UV 395 nm, ├£bersicht"
OBJ_0549,Stonebock/Datenbank/Objekt 549,objects/OBJ_0549,2,"Kamera, Mikroskop, Sonderaufnahmen, UV 365 nm, UV 395 nm, ├£bersicht"
OBJ_0550,Stonebock/Datenbank/Objekt 550,objects/OBJ_0550,2,"Kamera, Mikroskop, Sonderaufnahmen, UV 365 nm, UV 395 nm, ├£bersicht"
OBJ_0551,Stonebock/Datenbank/Objekt 551,objects/OBJ_0551,2,"Kamera, Mikroskop, Sonderaufnahmen, UV 365 nm, UV 395 nm, ├£bersicht"
OBJ_0552,Stonebock/Datenbank/Objekt 552,objects/OBJ_0552,2,"Kamera, Mikroskop, Sonderaufnahmen, UV 365 nm, UV 395 nm, ├£bersicht"
OBJ_0553,Stonebock/Datenbank/Objekt 553,objects/OBJ_0553,2,"Kamera, Mikroskop, Sonderaufnahmen, UV 365 nm, UV 395 nm, ├£bersicht"
OBJ_0554,Stonebock/Datenbank/Objekt 554,objects/OBJ_0554,2,"Kamera, Mikroskop, Sonderaufnahmen, UV 365 nm, UV 395 nm, ├£bersicht"
OBJ_0555,Stonebock/Datenbank/Objekt 555,objects/OBJ_0555,2,"Kamera, Mikroskop, Sonderaufnahmen, UV 365 nm, UV 395 nm, ├£bersicht"
OBJ_0556,Stonebock/Datenbank/Objekt 556,objects/OBJ_0556,2,"Kamera, Mikroskop, Sonderaufnahmen, UV 365 nm, UV 395 nm, ├£bersicht"
OBJ_0557,Stonebock/Datenbank/Objekt 557,objects/OBJ_0557,2,"Kamera, Mikroskop, Sonderaufnahmen, UV 365 nm, UV 395 nm, ├£bersicht"
OBJ_0558,Stonebock/Datenbank/Objekt 558,objects/OBJ_0558,2,"Kamera, Mikroskop, Sonderaufnahmen, UV 365 nm, UV 395 nm, ├£bersicht"
OBJ_0559,Stonebock/Datenbank/Objekt 559,objects/OBJ_0559,2,"Kamera, Mikroskop, Sonderaufnahmen, UV 365 nm, UV 395 nm, ├£bersicht"
OBJ_0560,Stonebock/Datenbank/Objekt 560,objects/OBJ_0560,2,"Kamera, Mikroskop, Sonderaufnahmen, UV 365 nm, UV 395 nm, ├£bersicht"
OBJ_0561,Stonebock/Datenbank/Objekt 561,objects/OBJ_0561,2,"Kamera, Mikroskop, Sonderaufnahmen, UV 365 nm, UV 395 nm, ├£bersicht"
OBJ_0562,Stonebock/Datenbank/Objekt 562,objects/OBJ_0562,2,"Kamera, Mikroskop, Sonderaufnahmen, UV 365 nm, UV 395 nm, ├£bersicht"
OBJ_0563,Stonebock/Datenbank/Objekt 563,objects/OBJ_0563,2,"Kamera, Mikroskop, Sonderaufnahmen, UV 365 nm, UV 395 nm, ├£bersicht"
OBJ_0564,Stonebock/Datenbank/Objekt 564,objects/OBJ_0564,2,"Kamera, Mikroskop, Sonderaufnahmen, UV 365 nm, UV 395 nm, ├£bersicht"
OBJ_0565,Stonebock/Datenbank/Objekt 565,objects/OBJ_0565,2,"Kamera, Mikroskop, Sonderaufnahmen, UV 365 nm, UV 395 nm, ├£bersicht"
OBJ_0566,Stonebock/Datenbank/Objekt 566,objects/OBJ_0566,2,"Kamera, Mikroskop, Sonderaufnahmen, UV 365 nm, UV 395 nm, ├£bersicht"
OBJ_0567,Stonebock/Datenbank/Objekt 567,objects/OBJ_0567,2,"Kamera, Mikroskop, Sonderaufnahmen, UV 365 nm, UV 395 nm, ├£bersicht"
OBJ_0568,Stonebock/Datenbank/Objekt 568,objects/OBJ_0568,2,"Kamera, Mikroskop, Sonderaufnahmen, UV 365 nm, UV 395 nm, ├£bersicht"
OBJ_0569,Stonebock/Datenbank/Objekt 569,objects/OBJ_0569,2,"Kamera, Mikroskop, Sonderaufnahmen, UV 365 nm, UV 395 nm, ├£bersicht"
OBJ_0570,Stonebock/Datenbank/Objekt 570,objects/OBJ_0570,2,"Kamera, Mikroskop, Sonderaufnahmen, UV 365 nm, UV 395 nm, ├£bersicht"
OBJ_0571,Stonebock/Datenbank/Objekt 571,objects/OBJ_0571,2,"Kamera, Mikroskop, Sonderaufnahmen, UV 365 nm, UV 395 nm, ├£bersicht"
OBJ_0572,Stonebock/Datenbank/Objekt 572,objects/OBJ_0572,2,"Kamera, Mikroskop, Sonderaufnahmen, UV 365 nm, UV 395 nm, ├£bersicht"
OBJ_0573,Stonebock/Datenbank/Objekt 573,objects/OBJ_0573,2,"Kamera, Mikroskop, Sonderaufnahmen, UV 365 nm, UV 395 nm, ├£bersicht"
OBJ_0574,Stonebock/Datenbank/Objekt 574,objects/OBJ_0574,2,"Kamera, Mikroskop, Sonderaufnahmen, UV 365 nm, UV 395 nm, ├£bersicht"
OBJ_0575,Stonebock/Datenbank/Objekt 575,objects/OBJ_0575,2,"Kamera, Mikroskop, Sonderaufnahmen, UV 365 nm, UV 395 nm, ├£bersicht"
OBJ_0576,Stonebock/Datenbank/Objekt 576,objects/OBJ_0576,2,"Kamera, Mikroskop, Sonderaufnahmen, UV 365 nm, UV 395 nm, ├£bersicht"
OBJ_0577,Stonebock/Datenbank/Objekt 577,objects/OBJ_0577,2,"Kamera, Mikroskop, Sonderaufnahmen, UV 365 nm, UV 395 nm, ├£bersicht"
OBJ_0578,Stonebock/Datenbank/Objekt 578,objects/OBJ_0578,2,"Kamera, Mikroskop, Sonderaufnahmen, UV 365 nm, UV 395 nm, ├£bersicht"
OBJ_0579,Stonebock/Datenbank/Objekt 579,objects/OBJ_0579,2,"Kamera, Mikroskop, Sonderaufnahmen, UV 365 nm, UV 395 nm, ├£bersicht"
OBJ_0580,Stonebock/Datenbank/Objekt 580,objects/OBJ_0580,2,"Kamera, Mikroskop, Sonderaufnahmen, UV 365 nm, UV 395 nm, ├£bersicht"
OBJ_0581,Stonebock/Datenbank/Objekt 581,objects/OBJ_0581,2,"Kamera, Mikroskop, Sonderaufnahmen, UV 365 nm, UV 395 nm, ├£bersicht"
OBJ_0582,Stonebock/Datenbank/Objekt 582,objects/OBJ_0582,2,"Kamera, Mikroskop, Sonderaufnahmen, UV 365 nm, UV 395 nm, ├£bersicht"
OBJ_0583,Stonebock/Datenbank/Objekt 583,objects/OBJ_0583,2,"Kamera, Mikroskop, Sonderaufnahmen, UV 365 nm, UV 395 nm, ├£bersicht"
OBJ_0584,Stonebock/Datenbank/Objekt 584,objects/OBJ_0584,2,"Kamera, Mikroskop, Sonderaufnahmen, UV 365 nm, UV 395 nm, ├£bersicht"
OBJ_0585,Stonebock/Datenbank/Objekt 585,objects/OBJ_0585,2,"Kamera, Mikroskop, Sonderaufnahmen, UV 365 nm, UV 395 nm, ├£bersicht"
OBJ_0586,Stonebock/Datenbank/Objekt 586,objects/OBJ_0586,2,"Kamera, Mikroskop, Sonderaufnahmen, UV 365 nm, UV 395 nm, ├£bersicht"
OBJ_0587,Stonebock/Datenbank/Objekt 587,objects/OBJ_0587,2,"Kamera, Mikroskop, Sonderaufnahmen, UV 365 nm, UV 395 nm, ├£bersicht"
OBJ_0588,Stonebock/Datenbank/Objekt 588,objects/OBJ_0588,2,"Kamera, Mikroskop, Sonderaufnahmen, UV 365 nm, UV 395 nm, ├£bersicht"
OBJ_0589,Stonebock/Datenbank/Objekt 589,objects/OBJ_0589,2,"Kamera, Mikroskop, Sonderaufnahmen, UV 365 nm, UV 395 nm, ├£bersicht"
OBJ_0590,Stonebock/Datenbank/Objekt 590,objects/OBJ_0590,2,"Kamera, Mikroskop, Sonderaufnahmen, UV 365 nm, UV 395 nm, ├£bersicht"
OBJ_0591,Stonebock/Datenbank/Objekt 591,objects/OBJ_0591,2,"Kamera, Mikroskop, Sonderaufnahmen, UV 365 nm, UV 395 nm, ├£bersicht"
OBJ_0592,Stonebock/Datenbank/Objekt 592,objects/OBJ_0592,2,"Kamera, Mikroskop, Sonderaufnahmen, UV 365 nm, UV 395 nm, ├£bersicht"
OBJ_0593,Stonebock/Datenbank/Objekt 593,objects/OBJ_0593,2,"Kamera, Mikroskop, Sonderaufnahmen, UV 365 nm, UV 395 nm, ├£bersicht"
OBJ_0594,Stonebock/Datenbank/Objekt 594,objects/OBJ_0594,2,"Kamera, Mikroskop, Sonderaufnahmen, UV 365 nm, UV 395 nm, ├£bersicht"
OBJ_0595,Stonebock/Datenbank/Objekt 595,objects/OBJ_0595,2,"Kamera, Mikroskop, Sonderaufnahmen, UV 365 nm, UV 395 nm, ├£bersicht"
OBJ_0596,Stonebock/Datenbank/Objekt 596,objects/OBJ_0596,2,"Kamera, Mikroskop, Sonderaufnahmen, UV 365 nm, UV 395 nm, ├£bersicht"
OBJ_0597,Stonebock/Datenbank/Objekt 597,objects/OBJ_0597,2,"Kamera, Mikroskop, Sonderaufnahmen, UV 365 nm, UV 395 nm, ├£bersicht"
OBJ_0598,Stonebock/Datenbank/Objekt 598,objects/OBJ_0598,2,"Kamera, Mikroskop, Sonderaufnahmen, UV 365 nm, UV 395 nm, ├£bersicht"
OBJ_0599,Stonebock/Datenbank/Objekt 599,objects/OBJ_0599,2,"Kamera, Mikroskop, Sonderaufnahmen, UV 365 nm, UV 395 nm, ├£bersicht"
OBJ_0600,Stonebock/Datenbank/Objekt 600,objects/OBJ_0600,2,"Kamera, Mikroskop, Sonderaufnahmen, UV 365 nm, UV 395 nm, ├£bersicht"
